study id,country,authors,publication year,publication Url
438,Afghanistan,"Awab GR, Imwong M, Pukrittayakamee S, Alim F, Hanpithakpong W, Tarning J, Dondorp AM, Day NP, White NJ, Woodrow CJ",2016,http://www.ncbi.nlm.nih.gov/pubmed/?term=26917051
747,Angola,"Gama BE, Pereira-Carvalho GA, Lutucuta Kosi FJ, Almeida de Oliveira NK, Fortes F, Rosenthal PJ, do RosÃ¡rio VE, Daniel-Ribeiro CT, de FÃ¡tima Ferreira-da-Cruz M.",2011,https://www.ncbi.nlm.nih.gov/pubmed/?term=21864379
742,Angola,"Fortes F, Dimbu R, Figueiredo P, Neto Z, do RosÃ¡rio VE, Lopes D.",2011,https://www.ncbi.nlm.nih.gov/pubmed/?term=21288345
25889865,Angola,Foumane Ngane V,2015,http://www.ncbi.nlm.nih.gov/pubmed/25889865
433,Angola,"Kaingona-Daniel EP, Gomes LR, Gama BE, Almeida-de-Oliveira NK, Fortes F, Ménard D, Daniel-Ribeiro CT, Ferreira-da-Cruz Mde F",2016,http://www.ncbi.nlm.nih.gov/pubmed/?term=27267365
736,Angola,"Xu C, Sun H, Wei Q, Li J, Xiao T, Kong X, Wang Y, Zhao G, Wang L, Liu G, Yan G, Huang B, Yin K.",2019,https://www.ncbi.nlm.nih.gov/pubmed/?term=30803964
746,Bangladesh,"Mita T, Venkatesan M, Ohashi J, Culleton R, Takahashi N, Tsukahara T, Ndounga M, Dysoley L, Endo H, Hombhanje F, Ferreira MU, Plowe CV, Tanabe K.",2011,https://www.ncbi.nlm.nih.gov/pubmed/?term=22021623
24100489,Benin,Dahlström S,2013,http://www.ncbi.nlm.nih.gov/pubmed/24100489
21767415,Benin,"Gwladys Bertin,Valérie Briand, Diana Bonaventure, Ambre Carrieu, Achille Massougbodji, Michel Cot, and Philippe Deloron",2011,http://www.pubmedcentral.nih.gov/articlerender.fcgi?artid=3199903&tool=pmcentrez&rendertype=abstract
512,Benin,"Moussiliou A, De Tove YS, Doritchamou J, Luty AJ, Massougbodji A, Alifrangis M, Deloron P, Ndam NT",2013,http://www.ncbi.nlm.nih.gov/pubmed/?term=23758883
478,Benin,"Ogouyèmi-Hounto A, Ndam NT, Fadégnon G, Azagnandji C, Bello M, Moussiliou A, Chippaux JP, Kinde Gazard D, Massougbodji A",2013,http://www.ncbi.nlm.nih.gov/pubmed/?term=24225351
530,Brazil,"Griffing SM, Viana GM, Mixson-Hayden T, Sridaran S, Alam MT, de Oliveira AM, Barnwell JW, Escalante AA, Povoa MM, Udhayakumar V",2013,http://www.ncbi.nlm.nih.gov/pubmed/?term=23554964
746,Brazil,"Mita T, Venkatesan M, Ohashi J, Culleton R, Takahashi N, Tsukahara T, Ndounga M, Dysoley L, Endo H, Hombhanje F, Ferreira MU, Plowe CV, Tanabe K.",2011,https://www.ncbi.nlm.nih.gov/pubmed/?term=22021623
461,Burkina Faso,"Geiger C, Compaore G, Coulibaly B, Sie A, Dittmer M, Sanchez C, Lanzer M, Jänisch T",2014,http://www.ncbi.nlm.nih.gov/pubmed/?term=24674355
24733476,Burkina Faso,Somé F,2014,http://www.ncbi.nlm.nih.gov/pubmed/24733476
532,Burkina Faso,"Zongo I, Milligan P, Compaore YD, Some AF, Greenwood B, Tarning J, Rosenthal PJ, Sutherland C, Nosten F, Ouedraogo JB",2015,http://www.ncbi.nlm.nih.gov/pubmed/?term=25918149
24028570,Burkina Faso,van Schalkwyk DA,2013,http://www.pubmedcentral.nih.gov/articlerender.fcgi?artid=3847303&tool=pmcentrez&rendertype=abstract
497,Burkina Faso,"Somé AF, Sorgho H, Zongo I, Bazié T, Nikiéma F, Sawadogo A, Zongo M, Compaoré YD, Ouédraogo JB",2016,http://www.ncbi.nlm.nih.gov/pubmed/?term=28004634
445,Burkina Faso,"Tahita MC, Tinto H, Erhart A, Kazienga A, Fitzhenry R, VanOvermeir C, Rosanas-Urgell A, Ouedraogo JB, Guiguemde RT, Van Geertruyden JP, D'Alessandro U",2015,http://www.ncbi.nlm.nih.gov/pubmed/?term=26368675
746,Cambodia,"Mita T, Venkatesan M, Ohashi J, Culleton R, Takahashi N, Tsukahara T, Ndounga M, Dysoley L, Endo H, Hombhanje F, Ferreira MU, Plowe CV, Tanabe K.",2011,https://www.ncbi.nlm.nih.gov/pubmed/?term=22021623
631,Cameroon,"Moyeh MN, Njimoh DL, Evehe MS, Ali IM, Nji AM, Nkafu DN, Masumbe PN, Barbara AT, Ndikum VN, Mbacham WF.",2018,https://www.ncbi.nlm.nih.gov/pubmed/?term=29854394
536,Cameroon,"Chauvin P, Menard S, Iriart X, Nsango SE, Tchioffo MT, Abate L, Awono-Ambéné PH, Morlais I, Berry A",2015,http://www.ncbi.nlm.nih.gov/pubmed/?term=26080363
736,Cameroon,"Xu C, Sun H, Wei Q, Li J, Xiao T, Kong X, Wang Y, Zhao G, Wang L, Liu G, Yan G, Huang B, Yin K.",2019,https://www.ncbi.nlm.nih.gov/pubmed/?term=30803964
781,Cameroon,"Zhao L, Pi L, Qin Y, Lu Y, Zeng W, Xiang Z, Qin P, Chen X, Li C, Zhang Y, Wang S, Si Y, Yang G, Rosenthal BM, Huang Y, Yang Z.",2020,https://pubmed.ncbi.nlm.nih.gov/31809965/
740,Central African Republic,"Amor A, Toro C, FernÃ¡ndez-MartÃ­nez A, Baquero M, Benito A, Berzosa P.",2012,https://www.ncbi.nlm.nih.gov/pubmed/?term=22462737
781,Central African Republic,"Zhao L, Pi L, Qin Y, Lu Y, Zeng W, Xiang Z, Qin P, Chen X, Li C, Zhang Y, Wang S, Si Y, Yang G, Rosenthal BM, Huang Y, Yang Z.",2020,https://pubmed.ncbi.nlm.nih.gov/31809965/
607,Chad,"Suttipat Srisutham, Nguyen Than Thuy-Nhien, Ranitha Vongpromek, Teeradet Khomvarn, Mayfong Mayxay, Olivo Miotto, Francois Nosten, Frank Smithuis, Rob van der Pluijm, Lorenz von Seidlein, Carol H Sibley, Philippe J. Guérin, Nicholas P. J. Day, Arjen Dondorp, Mehul Dhorda, Mallika Imwong",2016,NA
523,China,"Zhang Y, Yan H, Wei G, Han S, Huang Y, Zhang Q, Pan W",2014,http://www.ncbi.nlm.nih.gov/pubmed/?term=24145550
22839209,China,Huang F,2012,http://www.pubmedcentral.nih.gov/articlerender.fcgi?artid=3459721&tool=pmcentrez&rendertype=abstract
772,China,"Ruimin Zhou, Chengyun Yang, Suhua Li, Yuling Zhao, Ying Liu,a Dan Qian, Hao Wang, Deling Lu, Hongwei Zhang, Fang Huangb",2019,https://www.ncbi.nlm.nih.gov/pubmed/?term=31358591
529,Colombia,"Hernández DC, Guerra AP, Cucunubá ZM, Nicholls RS, Barrera SM",2013,http://www.ncbi.nlm.nih.gov/pubmed/?term=23714094
595,Colombia,"Obaldia N, Baro NK, Calzada JE, Santamaria AM, Daniels R, Wong W, Chang HH, Hamilton EJ, Arevalo-Herrera M, Herrera S, Wirth DF, Hartl DL, Marti M, Volkman SK",2015,http://www.ncbi.nlm.nih.gov/pubmed/?term=25336725
443,Comoros,"Papa Mze N, Ndiaye YD, Diedhiou CK, Rahamatou S, Dieye B, Daniels RF, Hamilton EJ, Diallo M, Bei AK, Wirth DF, Mboup S, Volkman SK, Ahouidi AD, Ndiaye D",2015,http://www.ncbi.nlm.nih.gov/pubmed/?term=26415927
712,Congo,"Voumbo-Matoumona DF, Akiana J, Madamet M, Kouna LC, Lekana-Douki JB, Pradines B.",2018,https://www.ncbi.nlm.nih.gov/pubmed/?term=30121345
781,Congo,"Zhao L, Pi L, Qin Y, Lu Y, Zeng W, Xiang Z, Qin P, Chen X, Li C, Zhang Y, Wang S, Si Y, Yang G, Rosenthal BM, Huang Y, Yang Z.",2020,https://pubmed.ncbi.nlm.nih.gov/31809965/
746,Democratic Republic of the Congo,"Mita T, Venkatesan M, Ohashi J, Culleton R, Takahashi N, Tsukahara T, Ndounga M, Dysoley L, Endo H, Hombhanje F, Ferreira MU, Plowe CV, Tanabe K.",2011,https://www.ncbi.nlm.nih.gov/pubmed/?term=22021623
525,Democratic Republic of the Congo,"Taylor SM, Antonia AL, Parobek CM, Juliano JJ, Janko M, Emch M, Alam MT, Udhayakumar V, Tshefu AK, Meshnick SR",2013,http://www.ncbi.nlm.nih.gov/pubmed/?term=23372922
575,Democratic Republic of the Congo,"Baraka V, Delgado-Ratto C, Nag S, Ishengoma DS, Madebe RA, Mavoko HM, Nabasumba C, Lutumba P, Alifrangis M, Van Geertruyden JP",2017,http://www.ncbi.nlm.nih.gov/pubmed/?term=28237831
713,Democratic Republic of the Congo,"Nkoli Mandoko P, Rouvier F, Matendo Kakina L, Moke Mbongi D, Latour C, Losimba Likwela J, Ngoyi Mumba D, Bi Shamamba SK, Tamfum Muyembe JJ, Muepu Tshilolo L, Parzy D, Sinou V.",2018,https://www.ncbi.nlm.nih.gov/pubmed/?term=30053021
736,Democratic Republic of the Congo,"Xu C, Sun H, Wei Q, Li J, Xiao T, Kong X, Wang Y, Zhao G, Wang L, Liu G, Yan G, Huang B, Yin K.",2019,https://www.ncbi.nlm.nih.gov/pubmed/?term=30803964
781,Democratic Republic of the Congo,"Zhao L, Pi L, Qin Y, Lu Y, Zeng W, Xiang Z, Qin P, Chen X, Li C, Zhang Y, Wang S, Si Y, Yang G, Rosenthal BM, Huang Y, Yang Z.",2020,https://pubmed.ncbi.nlm.nih.gov/31809965/
26651993,Ecuador,"Sáenz FE, Morton LC, Okoth SA, Valenzuela G, Vera-Arias CA, Vélez-Álvarez E, Lucchi NW, Castro LE, Udhayakumar V",2014,http://www.ncbi.nlm.nih.gov/pubmed/?term=26651993
806,Equatorial Guinea,"Berzosa P, Molina de la Fuente I, Ta-Tang TH, González V, García L, Rodríguez-Galet A, Díaz-Regañón R, Galán R, Cerrada-Gálvez L, Ncogo P, Riloha M, Benito A.",2021,https://pubmed.ncbi.nlm.nih.gov/34906159/
557,Equatorial Guinea,"Berzosa P, Esteban-Cantos A, García L, González V, Navarro M, Fernández T, Romay-Barja M, Herrador Z, Rubio JM, Ncogo P, Santana-Morales M, Valladares B, Riloha M, Benito A",2017,http://www.ncbi.nlm.nih.gov/pubmed/?term=28086777
475,Equatorial Guinea,"Guerra M, Neres R, Salgueiro P, Mendes C, Ndong-Mabale N, Berzosa P, de Sousa B, Arez AP",2017,http://www.ncbi.nlm.nih.gov/pubmed/?term=27795385
725,Equatorial Guinea,"Tingting Jiang, Jiangtao Chen, Hongxia Fu, Kai Wu, Yi Yao, Juan Urbano Monsuy Eyi, Rocio Apicante Matesa, Maximo Miko Ondo Obono, Weixing Du, Huabing Tan, Min Lin,Jian Li",2019,https://www.ncbi.nlm.nih.gov/pubmed/?term=30914041
736,Equatorial Guinea,"Xu C, Sun H, Wei Q, Li J, Xiao T, Kong X, Wang Y, Zhao G, Wang L, Liu G, Yan G, Huang B, Yin K.",2019,https://www.ncbi.nlm.nih.gov/pubmed/?term=30803964
738,Ethiopia,"Patricia Mula, Amalia Fernández-Martínez, Aida de Lucio, Jose Manuel Ramos, Francisco Reyes, Vicenta González, Agustín Benito,Pedro Berzosa",2011,https://www.ncbi.nlm.nih.gov/pubmed/?term=21810256
442,Ethiopia,"Tessema SK, Kassa M, Kebede A, Mohammed H, Leta GT, Woyessa A, Guma GT, Petros B",2015,http://www.ncbi.nlm.nih.gov/pubmed/?term=26431464
479,Ethiopia,"Hailemeskel E, Kassa M, Taddesse G, Mohammed H, Woyessa A, Tasew G, Sleshi M, Kebede A, Petros B",2013,http://www.ncbi.nlm.nih.gov/pubmed/?term=24055717
811,Ethiopia,"Yan H, Feng J, Yin JH, Huang F, Kong XL, Lin KM, Zhang T, Feng XY, Zhou SS, Cao JP, Xia ZG.",2021,https://pubmed.ncbi.nlm.nih.gov/34568082/
436,Gabon,"Ndong Ngomo JM, Mawili-Mboumba DP, M'Bondoukwe NP, Nikiéma Ndong Ella R, Bouyou Akotet MK",2016,http://www.ncbi.nlm.nih.gov/pubmed/?term=27190671
745,Gabon,"Mombo-Ngoma G, Oyakhirome S, Ord R, Gabor JJ, GreutÃ©laers KC, Profanter K, GreutÃ©laers B, Kurth F, Lell B, Kun JF, Issifou S, Roper C, Kremsner PG, Grobusch MP.",2011,https://www.ncbi.nlm.nih.gov/pubmed/?term=21569596
722,Gabon,Jean Bernard Lekana-Douki,2018,https://www.ncbi.nlm.nih.gov/pubmed/30214253
741,Ghana,"Duah NO, Quashie NB, Abuaku BK, Sebeny PJ, Kronmann KC, Koram KA.",2012,https://www.ncbi.nlm.nih.gov/pubmed/?term=23045251
746,Ghana,"Mita T, Venkatesan M, Ohashi J, Culleton R, Takahashi N, Tsukahara T, Ndounga M, Dysoley L, Endo H, Hombhanje F, Ferreira MU, Plowe CV, Tanabe K.",2011,https://www.ncbi.nlm.nih.gov/pubmed/?term=22021623
21288822,Ghana,"Md Tauqeer Alam, Dziedzom K. de Souza, Sumiti Vinayak, Sean M. Griffing, Amanda C. Poe, Nancy O. Duah, Anita Ghansah, Kwame Asamoa, Laurence Slutsker, Michael D. Wilson, John W. Barnwell, Venkatachalam Udhayakumar, and Kwadwo A. Koram",2011,http://www.pubmedcentral.nih.gov/articlerender.fcgi?artid=3071065&tool=pmcentrez&rendertype=abstract
24028570,Ghana,van Schalkwyk DA,2013,http://www.pubmedcentral.nih.gov/articlerender.fcgi?artid=3847303&tool=pmcentrez&rendertype=abstract
656,Ghana,"Osarfo J, Tagbor H, Magnussen P, Alifrangis M.",2018,https://www.ncbi.nlm.nih.gov/pubmed/?term=29582732
780,Ghana,"Mensah BA, Aydemir O, Myers-Hansen JL, Opoku M, Hathaway NJ, Marsh PW, Anto F, Bailey J, Abuaku B, Ghansah A.",2020,https://pubmed.ncbi.nlm.nih.gov/31932374/
736,Ghana,"Xu C, Sun H, Wei Q, Li J, Xiao T, Kong X, Wang Y, Zhao G, Wang L, Liu G, Yan G, Huang B, Yin K.",2019,https://www.ncbi.nlm.nih.gov/pubmed/?term=30803964
759,Ghana,"Dieng CC, Gonzalez L, Pestana K, Dhikrullahi SB, Amoah LE, Afrane YA, Lo E.",2019,https://www.ncbi.nlm.nih.gov/pubmed/?term=31315304
781,Ghana,"Zhao L, Pi L, Qin Y, Lu Y, Zeng W, Xiang Z, Qin P, Chen X, Li C, Zhang Y, Wang S, Si Y, Yang G, Rosenthal BM, Huang Y, Yang Z.",2020,https://pubmed.ncbi.nlm.nih.gov/31809965/
736,Guinea,"Xu C, Sun H, Wei Q, Li J, Xiao T, Kong X, Wang Y, Zhao G, Wang L, Liu G, Yan G, Huang B, Yin K.",2019,https://www.ncbi.nlm.nih.gov/pubmed/?term=30803964
753,Guinea-Bissau,"Sidsel, Nag",2019,https://www.ncbi.nlm.nih.gov/pubmed/31349834
567,Guinea-Bissau,"Nag S, Dalgaard MD, Kofoed PE, Ursing J, Crespo M, Andersen LO, Aarestrup FM, Lund O, Alifrangis M",2017,http://www.ncbi.nlm.nih.gov/pubmed/?term=28546554
510,Haiti,"Morton LC, Huber C, Okoth SA, Griffing S, Lucchi N, Ljolje D, Boncy J, Oscar R, Townes D, McMorrow M, Chang MA, Udhayakumar V, Barnwell JW",2016,http://www.ncbi.nlm.nih.gov/pubmed/?term=27430541
783,Haiti,"Rogier E, Herman C, Huber CS, Hamre KES, Pierre B, Mace KE, Pr?©sum?© J, Mond?©lus G, Romilus I, Elism?© T, Eisele TP, Druetz T, Existe A, Boncy J, Lemoine JF, Udhayakumar V, Chang MA.",2020,https://pubmed.ncbi.nlm.nih.gov/32310062/
22183028,Honduras,Jovel IT,2011,http://www.pubmedcentral.nih.gov/articlerender.fcgi?artid=3266654&tool=pmcentrez&rendertype=abstract
446,India,"Kumar A, Moirangthem R, Gahlawat SK, Chandra J, Gupta P, Valecha N, Anvikar A, Singh V",2015,http://www.ncbi.nlm.nih.gov/pubmed/?term=26319997
456,India,"Mohapatra PK, Sarma DK, Prakash A, Bora K, Ahmed MA, Sarma B, Goswami BK, Bhattacharyya DR, Mahanta J",2014,http://www.ncbi.nlm.nih.gov/pubmed/?term=25184337
23357175,India,Das Sutar SK,2013,http://www.ncbi.nlm.nih.gov/pubmed/23357175
524,India,"Das S, Chakraborty SP, Hati A, Roy S",2013,http://www.ncbi.nlm.nih.gov/pubmed/?term=23428313
364,India,Pathak A,2014,http://www.pubmedcentral.nih.gov/articlerender.fcgi?artid=4036110&tool=pmcentrez&rendertype=abstract
752,India,Das S,2012,https://www.ncbi.nlm.nih.gov/pubmed/?term=22909027
458,India,"Mishra N, Kaitholia K, Srivastava B, Shah NK, Narayan JP, Dev V, Phookan S, Anvikar AR, Rana R, Bharti RS, Sonal GS, Dhariwal AC, Valecha N",2014,http://www.ncbi.nlm.nih.gov/pubmed/?term=25052385
824,India,"Sweta Mishra, Praveen K. Bharti, Man M. Shukla, Nazia A. Ali, Sher S. Kashyotia, Avdhesh Kumar, Akshay C. Dhariwal and Neeru Singh",2017,https://doi.org/10.1080/20477724.2017.1331875
814,India,"Aarti Ozarkar, Abhishek Kanyal, Swati Dass, Prakash Deshpande, Deepti Deobagkar, Krishanpal Karmodiya",2021,https://www.ias.ac.in/article/fulltext/jbsc/046//0077
444,India,"Sharma D, Lather M, Mallick PK, Adak T, Dang AS, Valecha N, Singh OP",2015,http://www.ncbi.nlm.nih.gov/pubmed/?term=26381498
23426929,India,Ganguly S,2013,http://www.pubmedcentral.nih.gov/articlerender.fcgi?artid=3647920&tool=pmcentrez&rendertype=abstract
26988711,India,"Kar NP, Chauhan K, Nanda N, Kumar A, Carlton JM, Das A",2016,http://www.ncbi.nlm.nih.gov/pubmed/?term=26988711
431,India,"Mishra N, Srivastava B, Bharti RS, Rana R, Kaitholia K, Anvikar AR, Das MK, Ghosh SK, Bhatt RM, Tyagi PK, Dev V, Phookan S, Wattal SL, Sonal GS, Dhariwal AC, Valecha N",2016,http://www.ncbi.nlm.nih.gov/pubmed/?term=27353588
820,India,"Sharma J, Dutta P, Khan SA, Soni M, Dey D, Mahanta J.",2018,https://pubmed.ncbi.nlm.nih.gov/25511211/
822,India,"Jitendra Sharma , Prafulla Dutta, Siraj Ahmed Khan",2016,NA
812,India,"Jakob Wedam, Costanza Tacoli, Prabhanjan P. Gai, Konrad Siegert, Suyamindra Kulkarni, Rashmi Rasalkar, Animesh Jain, Chakrapani Mahabala, Shantaram Baliga, Damodara Shenoy, Pramod Gai, Rajeshwari Devi, Frank P. Mockenhaupt",2017,NA
554,India,"Das MK, Chetry S, Kalita MC, Dutta P",2016,http://www.ncbi.nlm.nih.gov/pubmed/?term=27872816
815,India,"Jakob Wedam, Costanza Tacoli, Prabhanjan P. Gai, Konrad Siegert, Suyamindra S. Kulkarni, Rashmi Rasalkar, Archith Boloor, Animesh Jain, Chakrapani Mahabala, Shantaram Baliga, Damodara Shenoy, Rajeshwari Devi, Pramod Gai, and Frank P. Mockenhaupt",2018,doi:10.4269/ajtmh.18-0549
605,India,"Patel P, Bharti PK, Bansal D, Ali NA, Raman RK, Mohapatra PK, Sehgal R, Mahanta J, Sultan AA, Singh N",2017,http://www.ncbi.nlm.nih.gov/pubmed/?term=29192183
418,India,"Rao PN, Uplekar S, Kayal S, Mallick PK, Bandyopadhyay N, Kale S, Singh OP, Mohanty A, Mohanty S, Wassmer SC, Carlton JM",2016,http://www.ncbi.nlm.nih.gov/pubmed/?term=27008882
576,India,"Chatterjee M, Ganguly S, Saha P, Guha SK, Maji AK",2017,http://www.ncbi.nlm.nih.gov/pubmed/?term=28533179
716,India,"Das S, Manna S, Saha B, Hati AK, Roy S.",2018,https://www.ncbi.nlm.nih.gov/pubmed/?term=30535043
760,India,"Kumar A, Singh SP, Bhatt R, Singh V",2019,https://www.ncbi.nlm.nih.gov/pubmed/?term=31791329
823,India,"Ashish Pathak , Andreas Mårtensson , Sudhir Gawariker , Ashish Sharma , Vishal Diwan , Manju Purohit , Johan Ursing",2020,NA
813,India,"Sabyasachi Das, Amrita Kar, Subhankar Manna, Samaresh Mandal, Sayantani Mandal, Subhasis Das, Bhaskar Saha & Amiya Kumar Hati",2021,https://doi.org/10.1038/s41598-021-89295-0
825,India,"Mary Dias, George D’Souza, Aquinas Edassery, Mehul Dhorda",2022,WWARN / St John’s Research Institute / Swasthya Swaraj
22096496,Kenya,"Monica Shah, Simon Kariuki, Jodi Vanden Eng, Anna J. Blackstock, Kimberly Garner, Wangeci Gatei, John E. Gimnig, Kim Lindblade, Dianne Terlouw, Feiko ter Kuile, William A. Hawley, Penelope Phillips-Howard, Bernard Nahlen, Edward Walker, Mary J. Hamel, Laurence Slutsker, Ya Ping Shi",2011,http://www.pubmedcentral.nih.gov/articlerender.fcgi?artid=3214025&tool=pmcentrez&rendertype=abstract
744,Kenya,"McCollum AM, Schneider KA, Griffing SM, Zhou Z, Kariuki S, Ter-Kuile F, Shi YP, Slutsker L, Lal AA, Udhayakumar V, Escalante AA.",2012,https://www.ncbi.nlm.nih.gov/pubmed/?term=22439637
743,Kenya,"Iriemenam NC, Shah M, Gatei W, van Eijk AM, Ayisi J, Kariuki S, Vanden Eng J, Owino SO, Lal AA, Omosun YO, Otieno K, Desai M, ter Kuile FO, Nahlen B, Moore J, Hamel MJ, Ouma P, Slutsker L, Shi YP.",2012,https://www.ncbi.nlm.nih.gov/pubmed/?term=22540158
746,Kenya,"Mita T, Venkatesan M, Ohashi J, Culleton R, Takahashi N, Tsukahara T, Ndounga M, Dysoley L, Endo H, Hombhanje F, Ferreira MU, Plowe CV, Tanabe K.",2011,https://www.ncbi.nlm.nih.gov/pubmed/?term=22021623
614,Kenya,"Hemming-Schroeder E, Umukoro E, Lo E, Fung B, TomÃ¡s-Domingo P, Zhou G, Zhong D, Dixit A, Atieli H, Githeko A, Vardo-Zalik A, Yan G.",2018,https://www.ncbi.nlm.nih.gov/pubmed/?term=29363453
25889220,Kenya,"Shah M, Omosun Y, Lal A, Odero C, Gatei W, Otieno K, Gimnig JE, ter Kuile F, Hawley WA, Nahlen B, Kariuki S, Walker E, Slutsker L, Hamel M, Shi YP",2015,http://www.ncbi.nlm.nih.gov/pubmed/?term=25889220
459,Kenya,"Juma DW, Omondi AA, Ingasia L, Opot B, Cheruiyot A, Yeda R, Okudo C, Cheruiyot J, Muiruri P, Ngalah B, Chebon LJ, Eyase F, Johnson J, Bulimo WD, Akala HM, Andagalu B, Kamau E",2014,http://www.ncbi.nlm.nih.gov/pubmed/?term=24989984
24028570,Kenya,van Schalkwyk DA,2013,http://www.pubmedcentral.nih.gov/articlerender.fcgi?artid=3847303&tool=pmcentrez&rendertype=abstract
453,Kenya,"Lucchi NW, Okoth SA, Komino F, Onyona P, Goldman IF, Ljolje D, Shi YP, Barnwell JW, Udhayakumar V, Kariuki S",2015,http://www.ncbi.nlm.nih.gov/pubmed/?term=25896703
734,Kenya,"Juma DW, Muiruri P, Yuhas K, John-Stewart G, Ottichilo R, Waitumbi J, Singa B, Polyak C, Kamau E.",2019,https://www.ncbi.nlm.nih.gov/pubmed/?term=30897090
811,Kenya,"Yan H, Feng J, Yin JH, Huang F, Kong XL, Lin KM, Zhang T, Feng XY, Zhou SS, Cao JP, Xia ZG.",2021,https://pubmed.ncbi.nlm.nih.gov/34568082/
561,Liberia,"Jovel IT, Björkman A, Roper C, Mårtensson A, Ursing J",2017,http://www.ncbi.nlm.nih.gov/pubmed/?term=28288632
781,Liberia,"Zhao L, Pi L, Qin Y, Lu Y, Zeng W, Xiang Z, Qin P, Chen X, Li C, Zhang Y, Wang S, Si Y, Yang G, Rosenthal BM, Huang Y, Yang Z.",2020,https://pubmed.ncbi.nlm.nih.gov/31809965/
811,Libya,"Yan H, Feng J, Yin JH, Huang F, Kong XL, Lin KM, Zhang T, Feng XY, Zhou SS, Cao JP, Xia ZG.",2021,https://pubmed.ncbi.nlm.nih.gov/34568082/
811,Madagascar,"Yan H, Feng J, Yin JH, Huang F, Kong XL, Lin KM, Zhang T, Feng XY, Zhou SS, Cao JP, Xia ZG.",2021,https://pubmed.ncbi.nlm.nih.gov/34568082/
746,Malawi,"Mita T, Venkatesan M, Ohashi J, Culleton R, Takahashi N, Tsukahara T, Ndounga M, Dysoley L, Endo H, Hombhanje F, Ferreira MU, Plowe CV, Tanabe K.",2011,https://www.ncbi.nlm.nih.gov/pubmed/?term=22021623
531,Malawi,"Lin JT, Mbewe B, Taylor SM, Luntamo M, Meshnick SR, Ashorn P",2013,http://www.ncbi.nlm.nih.gov/pubmed/?term=23198734
537,Malawi,"Gutman J, Mwandama D, Wiegand RE, Abdallah J, Iriemenam NC, Shi YP, Mathanga DP, Skarbinski J",2015,http://www.ncbi.nlm.nih.gov/pubmed/?term=25962439
441,Malawi,"Artimovich E, Kapito-Tembo A, Pensulo P, Nyirenda O, Brown S, Joshi S, Taylor TE, Mathanga D, Escalante AA, Laufer MK, Takala-Harrison S",2015,http://www.ncbi.nlm.nih.gov/pubmed/?term=26437774
555,Malawi,"Ravenhall M, Benavente ED, Mipando M, Jensen AT, Sutherland CJ, Roper C, Sepúlveda N, Kwiatkowski DP, Montgomery J, Phiri KS, Terlouw A, Craig A, Campino S, Ocholla H, Clark TG",2016,http://www.ncbi.nlm.nih.gov/pubmed/?term=27899115
519,Malaysia,"Abdullah NR, Norahmad NA, Jelip J, Sulaiman LH, Mohd Sidek H, Ismail Z, Noedl H",2013,http://www.ncbi.nlm.nih.gov/pubmed/?term=23758930
477,Malaysia,"Lau TY, Sylvi M, William T",2013,http://www.ncbi.nlm.nih.gov/pubmed/?term=24321120
499,Malaysia,"Norahmad NA, Mohd Abd Razak MR, Abdullah NR, Sastu UR, Imwong M, Muniandy PK, Saat MN, Muhammad A, Jelip J, Tikuson M, Yusof N, Rundi C, Mudin RN, Syed Mohamed AF",2016,http://www.ncbi.nlm.nih.gov/pubmed/?term=27788228
585,Mali,"Desai M, Gutman J, Taylor SM, Wiegand RE, Khairallah C, Kayentao K, Ouma P, Coulibaly SO, Kalilani L, Mace KE, Arinaitwe E, Mathanga DP, Doumbo O, Otieno K, Edgar D, Chaluluka E, Kamuliwo M, Ades V, Skarbinski J, Shi YP, Magnussen P, Meshnick S, Ter Kuile FO",2016,http://www.ncbi.nlm.nih.gov/pubmed/?term=26486699
500,Mali,"Maiga H, Lasry E, Diarra M, Sagara I, Bamadio A, Traore A, Coumare S, Bahonan S, Sangare B, Dicko Y, Diallo N, Tembely A, Traore D, Niangaly H, Dao F, Haidara A, Dicko A, Doumbo OK, Djimde AA",NA,http://www.ncbi.nlm.nih.gov/pubmed/?term=27662368
803,Mali,"Mahamar A, Sumner KM, Levitt B, Freedman B, Traore A, Barry A, Issiaka D, Dembele AB, Kanoute MB, Attaher O, Diarra BN, Sagara I, Djimde A, Duffy PE, Fried M, Taylor SM, Dicko A.",2022,https://pubmed.ncbi.nlm.nih.gov/35135546/
572,Mali,"Diawara F, Steinhardt LC, Mahamar A, Traore T, Kone DT, Diawara H, Kamate B, Kone D, Diallo M, Sadou A, Mihigo J, Sagara I, Djimde AA, Eckert E, Dicko A",2017,http://www.ncbi.nlm.nih.gov/pubmed/?term=28797263
781,Mali,"Zhao L, Pi L, Qin Y, Lu Y, Zeng W, Xiang Z, Qin P, Chen X, Li C, Zhang Y, Wang S, Si Y, Yang G, Rosenthal BM, Huang Y, Yang Z.",2020,https://pubmed.ncbi.nlm.nih.gov/31809965/
564,Mauritania,"Ould Ahmedou Salem MS, Mint Lekweiry K, Bouchiba H, Pascual A, Pradines B, Ould Mohamed Salem Boukhary A, Briolant S, Basco LK, Bogreau H",2017,http://www.ncbi.nlm.nih.gov/pubmed/?term=28381273
599,Mozambique,"Gupta H, Macete E, Bulo H, Salvador C, Warsame M, Carvalho E, Ménard D, Ringwald P, Bassat Q, Enosse S, Mayor A",2018,http://www.ncbi.nlm.nih.gov/pubmed/?term=29260689
765,Mozambique,"Smith-Aguasca R, Gupta H, Uberegui E, Maquina M, Saute F, Paaijmans KP, Mayor A, Huijben S.",2019,https://www.ncbi.nlm.nih.gov/pmc/articles/PMC6796398/
736,Mozambique,"Xu C, Sun H, Wei Q, Li J, Xiao T, Kong X, Wang Y, Zhao G, Wang L, Liu G, Yan G, Huang B, Yin K.",2019,https://www.ncbi.nlm.nih.gov/pubmed/?term=30803964
556,Myanmar,"Zeng W, Bai Y, Wang M, Wang Z, Deng S, Ruan Y, Feng S, Yang Z, Cui L",2017,http://www.ncbi.nlm.nih.gov/pubmed/?term=27919892
22898135,Myanmar,"Fang Huang, Linhua Tang, Henglin Yang, Shuisen Zhou, Xiaodong Sun, Hui Liu",2012,http://www.pubmedcentral.nih.gov/articlerender.fcgi?artid=3492106&tool=pmcentrez&rendertype=abstract
615,Niger,"Grais RF, Laminou IM, Woi-Messe L, Makarimi R, Bouriema SH, Langendorf C, Amambua-Ngwa A, D'Alessandro U, GuÃ©rin PJ, Fandeur T, Sibley CH.",2018,https://www.ncbi.nlm.nih.gov/pubmed/29486766
553,Nigeria,"Oguike MC, Falade CO, Shu E, Enato IG, Watila I, Baba ES, Bruce J, Webster J, Hamade P, Meek S, Chandramohan D, Sutherland CJ, Warhurst D, Roper C",2016,http://www.ncbi.nlm.nih.gov/pubmed/?term=27821281
534,Nigeria,"Iwalokun BA, Iwalokun SO, Adebodun V, Balogun M",2015,http://www.ncbi.nlm.nih.gov/pubmed/?term=26202938
24028570,Nigeria,van Schalkwyk DA,2013,http://www.pubmedcentral.nih.gov/articlerender.fcgi?artid=3847303&tool=pmcentrez&rendertype=abstract
598,Nigeria,"Esu E, Tacoli C, Gai P, Berens-Riha N, Pritsch M, Loescher T, Meremikwu M",2018,http://www.ncbi.nlm.nih.gov/pubmed/?term=29332155
736,Nigeria,"Xu C, Sun H, Wei Q, Li J, Xiao T, Kong X, Wang Y, Zhao G, Wang L, Liu G, Yan G, Huang B, Yin K.",2019,https://www.ncbi.nlm.nih.gov/pubmed/?term=30803964
23988011,Pakistan,Khattak AA,2013,http://www.pubmedcentral.nih.gov/articlerender.fcgi?artid=3765786&tool=pmcentrez&rendertype=abstract
717,Pakistan,"Yaqoob A, Khattak AA, Nadeem MF, Fatima H, Mbambo G, Ouattara A, Adams M, Zeeshan N, Takala-Harrison S.",2018,https://www.ncbi.nlm.nih.gov/pubmed/?term=30558587
595,Panama,"Obaldia N, Baro NK, Calzada JE, Santamaria AM, Daniels R, Wong W, Chang HH, Hamilton EJ, Arevalo-Herrera M, Herrera S, Wirth DF, Hartl DL, Marti M, Volkman SK",2015,http://www.ncbi.nlm.nih.gov/pubmed/?term=25336725
746,Papua New Guinea,"Mita T, Venkatesan M, Ohashi J, Culleton R, Takahashi N, Tsukahara T, Ndounga M, Dysoley L, Endo H, Hombhanje F, Ferreira MU, Plowe CV, Tanabe K.",2011,https://www.ncbi.nlm.nih.gov/pubmed/?term=22021623
405,Papua New Guinea,"Barnadas C, Timinao L, Javati S, Iga J, Malau E, Koepfli C, Robinson LJ, Senn N, Kiniboro B, Rare L, Reeder JC, Siba PM, Zimmerman PA, Karunajeewa H, Davis TM, Mueller I",2015,http://www.ncbi.nlm.nih.gov/pubmed/?term=26452541
592,Papua New Guinea,"Barnadas C, Senn N, Iga J, Timinao L, Javati S, Malau E, Rarau P, Reeder JC, Siba P, Karunajeewa H, Zimmerman PA, Davis TM, Mueller I",2014,http://www.ncbi.nlm.nih.gov/pubmed/?term=25155586
25897626,Peru,Baldeviano GC,2015,http://www.ncbi.nlm.nih.gov/pubmed/25897626
808,Philippines,"Bareng APN, Grignard L, Reyes R, Fornace K, Spencer F, Macalinao ML, Luchavez J, Espino FE, Drakeley C, Hafalla JCR.",2022,https://pubmed.ncbi.nlm.nih.gov/34883232/
754,Qatar,Bansal D,2019,https://www.ncbi.nlm.nih.gov/pubmed/?term=31296112
502,Rwanda,"Kateera F, Nsobya SL, Tukwasibwe S, Hakizimana E, Mutesa L, Mens PF, Grobusch MP, van Vugt M, Kumar N",2016,http://www.ncbi.nlm.nih.gov/pubmed/?term=27647575
570,Senegal,"Mbaye A, Gaye A, Dieye B, Ndiaye YD, Bei AK, Affara M, Deme AB, Yade MS, Diongue K, Ndiaye IM, Ndiaye T, Sy M, Sy N, Koita O, Krogstad DJ, Volkman S, Nwakanma D, Ndiaye D",2017,http://www.ncbi.nlm.nih.gov/pubmed/?term=28615016
23617576,Senegal,Lo AC,2013,http://www.pubmedcentral.nih.gov/articlerender.fcgi?artid=3652725&tool=pmcentrez&rendertype=abstract
520,Senegal,"Ndiaye M, Tine R, Faye B, Ndiaye JL, Lo AC, Sylla K, Abiola A, Dieng Y, Ndiaye D, Hallett R, Gaye O, Alifrangis M",2013,http://www.ncbi.nlm.nih.gov/pubmed/?term=23589534
22694921,Senegal,"Nathalie Wurtz, Bécaye Fall, Aurélie Pascual, Silmane Diawara, Kowry Sow, Eric Baret, Bakary Diatta, Khadidiatou B Fall, Pape S Mbaye, Fatou Fall, Yaya Diémé, Christophe Rogier, Raymond Bercion, Sébastien Briolant, Boubacar Wade, Bruno Pradines",2012,http://www.pubmedcentral.nih.gov/articlerender.fcgi?artid=3470961&tool=pmcentrez&rendertype=abstract
481,Senegal,"Ndiaye YD, Diédhiou CK, Bei AK, Dieye B, Mbaye A, Mze NP, Daniels RF, Ndiaye IM, Déme AB, Gaye A, Sy M, Ndiaye T, Badiane AS, Ndiaye M, Premji Z, Wirth DF, Mboup S, Krogstad D, Volkman SK, Ahouidi AD, Ndiaye D",2017,http://www.ncbi.nlm.nih.gov/pubmed/?term=28420422
732,Senegal,"Ndiaye JLA, Ndiaye Y, Ba MS, Faye B, Ndiaye M, Seck A, Tine R, Thior PM, Atwal S, Beshir K, Sutherland C, Gaye O, Milligan P.",2019,https://www.ncbi.nlm.nih.gov/pmc/articles/PMC6415816/pdf/pmed.1002762.pdf
23510258,Senegal,Fall B,2013,http://www.pubmedcentral.nih.gov/articlerender.fcgi?artid=3606842&tool=pmcentrez&rendertype=abstract
515,Senegal,"Boussaroque A, Fall B, Madamet M, Wade KA, Fall M, Nakoulima A, Fall KB, Dionne P, Benoit N, Diatta B, Diemé Y, Wade B, Pradines B",2016,http://www.ncbi.nlm.nih.gov/pubmed/?term=27387549
632,Sierra Leone,"Smith SJ, Kamara ARY, Sahr F, Samai M, Swaray AS, Menard D, Warsame M.",2018,https://www.ncbi.nlm.nih.gov/pubmed/?term=29932931
781,Sierra Leone,"Zhao L, Pi L, Qin Y, Lu Y, Zeng W, Xiang Z, Qin P, Chen X, Li C, Zhang Y, Wang S, Si Y, Yang G, Rosenthal BM, Huang Y, Yang Z.",2020,https://pubmed.ncbi.nlm.nih.gov/31809965/
455,Solomon Islands,"Gresty KJ, Gray KA, Bobogare A, Wini L, Taleo G, Hii J, Cheng Q, Waters NC",2014,http://www.ncbi.nlm.nih.gov/pubmed/?term=25311473
779,South Africa,"Raman J, Kagoro FM, Mabuza A, Malatje G, Reid A, Frean J, Barnes KI.",2019,https://pubmed.ncbi.nlm.nih.gov/31438951/
705,South Africa,NA,NA,NA
761,South Sudan,"Bakhiet AMA, Abdelraheem MH, Kheir A, Omer S, Gismelseed L, Abdel-Muhsin AA, Naiem A, Al Hosni A, Al Dhuhli A, Al Rubkhi M, Al-Hamidhi S, Gadalla A, Mukhtar M, Sultan AA, Babiker HA.",2019,https://www.ncbi.nlm.nih.gov/pubmed/31369106
24028570,South Sudan,van Schalkwyk DA,2013,http://www.pubmedcentral.nih.gov/articlerender.fcgi?artid=3847303&tool=pmcentrez&rendertype=abstract
811,South Sudan,"Yan H, Feng J, Yin JH, Huang F, Kong XL, Lin KM, Zhang T, Feng XY, Zhou SS, Cao JP, Xia ZG.",2021,https://pubmed.ncbi.nlm.nih.gov/34568082/
435,Sudan,"Adeel AA, Elnour FA, Elmardi KA, Abd-Elmajid MB, Elhelo MM, Ali MS, Adam MA, Atta H, Zamani G, Warsame M, Barrette A, Mohammady HE, Nada RA",2016,http://www.ncbi.nlm.nih.gov/pubmed/?term=27209063
23870667,Sudan,Gadalla NB,2013,http://www.pubmedcentral.nih.gov/articlerender.fcgi?artid=3720549&tool=pmcentrez&rendertype=abstract
761,Sudan,"Bakhiet AMA, Abdelraheem MH, Kheir A, Omer S, Gismelseed L, Abdel-Muhsin AA, Naiem A, Al Hosni A, Al Dhuhli A, Al Rubkhi M, Al-Hamidhi S, Gadalla A, Mukhtar M, Sultan AA, Babiker HA.",2019,https://www.ncbi.nlm.nih.gov/pubmed/31369106
782,Sudan,"Mohamed AO, Hussien M, Mohamed A, Suliman A, Elkando NS, Abdelbagi H, Malik EM, Abdelraheem MH, Hamid MMA.",2020,https://pubmed.ncbi.nlm.nih.gov/32070355/
589,Suriname,"Chenet SM, Okoth SA, Kelley J, Lucchi N, Huber CS, Vreden S, Macedo de Oliveira A, Barnwell JW, Udhayakumar V, Adhin MR",2017,http://www.ncbi.nlm.nih.gov/pubmed/?term=28438929
746,Tanzania,"Mita T, Venkatesan M, Ohashi J, Culleton R, Takahashi N, Tsukahara T, Ndounga M, Dysoley L, Endo H, Hombhanje F, Ferreira MU, Plowe CV, Tanabe K.",2011,https://www.ncbi.nlm.nih.gov/pubmed/?term=22021623
528,Tanzania,"Pearce RJ, Ord R, Kaur H, Lupala C, Schellenberg J, Shirima K, Manzi F, Alonso P, Tanner M, Mshinda H, Roper C, Schellenberg D",2013,http://www.ncbi.nlm.nih.gov/pubmed/?term=23225897
481,Tanzania,"Ndiaye YD, Diédhiou CK, Bei AK, Dieye B, Mbaye A, Mze NP, Daniels RF, Ndiaye IM, Déme AB, Gaye A, Sy M, Ndiaye T, Badiane AS, Ndiaye M, Premji Z, Wirth DF, Mboup S, Krogstad D, Volkman SK, Ahouidi AD, Ndiaye D",2017,http://www.ncbi.nlm.nih.gov/pubmed/?term=28420422
22369089,Tanzania,"Erasmus Kamugisha, Sun Jing, Mercy Minde, Johaness Kataraihya, Gilbert Kongola, Fred Kironde,Göte Swedberg",2012,http://www.malariajournal.com/content/11/1/58
462,Tanzania,"Matondo SI, Temba GS, Kavishe AA, Kauki JS, Kalinga A, van Zwetselaar M, Reyburn H, Kavishe RA",2014,http://www.ncbi.nlm.nih.gov/pubmed/?term=24751352
440,Tanzania,"Baraka V, Ishengoma DS, Fransis F, Minja DT, Madebe RA, Ngatunga D, Van Geertruyden JP",2015,http://www.ncbi.nlm.nih.gov/pubmed/?term=26542942
575,Tanzania,"Baraka V, Delgado-Ratto C, Nag S, Ishengoma DS, Madebe RA, Mavoko HM, Nabasumba C, Lutumba P, Alifrangis M, Van Geertruyden JP",2017,http://www.ncbi.nlm.nih.gov/pubmed/?term=28237831
746,Thailand,"Mita T, Venkatesan M, Ohashi J, Culleton R, Takahashi N, Tsukahara T, Ndounga M, Dysoley L, Endo H, Hombhanje F, Ferreira MU, Plowe CV, Tanabe K.",2011,https://www.ncbi.nlm.nih.gov/pubmed/?term=22021623
800,Thailand,"Kunasol C, Dondorp AM, Batty EM, Nakhonsri V, Sinjanakhom P, Day NPJ, Imwong M.",2022,https://pubmed.ncbi.nlm.nih.gov/35365711/
24799371,Uganda,Mbogo GW,2014,http://www.ncbi.nlm.nih.gov/pubmed/?term=24799371
591,Uganda,"Tumwebaze P, Tukwasibwe S, Taylor A, Conrad M, Ruhamyankaka E, Asua V, Walakira A, Nankabirwa J, Yeka A, Staedke SG, Greenhouse B, Nsobya SL, Kamya MR, Dorsey G, Rosenthal PJ",2017,http://www.ncbi.nlm.nih.gov/pubmed/?term=28039354
535,Uganda,"Mbonye AK, Birungi J, Yanow SK, Shokoples S, Malamba S, Alifrangis M, Magnussen P",2015,http://www.ncbi.nlm.nih.gov/pubmed/?term=26124154
575,Uganda,"Baraka V, Delgado-Ratto C, Nag S, Ishengoma DS, Madebe RA, Mavoko HM, Nabasumba C, Lutumba P, Alifrangis M, Van Geertruyden JP",2017,http://www.ncbi.nlm.nih.gov/pubmed/?term=28237831
573,Uganda,"Conrad MD, Mota D, Foster M, Tukwasibwe S, Legac J, Tumwebaze P, Whalen M, Kakuru A, Nayebare P, Wallender E, Havlir DV, Jagannathan P, Huang L, Aweeka F, Kamya MR, Dorsey G, Rosenthal PJ",2017,http://www.ncbi.nlm.nih.gov/pubmed/?term=28968782
455,Vanuatu,"Gresty KJ, Gray KA, Bobogare A, Wini L, Taleo G, Hii J, Cheng Q, Waters NC",2014,http://www.ncbi.nlm.nih.gov/pubmed/?term=25311473
784,Venezuela,32380999,2020,https://pubmed.ncbi.nlm.nih.gov/32380999/
329,Yemen,Al-Hamidhi S,2013,http://www.pubmedcentral.nih.gov/articlerender.fcgi?artid=3729657&tool=pmcentrez&rendertype=abstract
439,Yemen,"Bamaga OA, Mahdy MA, Lim YA",2015,http://www.ncbi.nlm.nih.gov/pubmed/?term=26693691
434,Yemen,"Atroosh WM, Al-Mekhlafi HM, Snounou G, Al-Jasari A, Sady H, Nasr NA, Lau YL, Surin J",2016,http://www.ncbi.nlm.nih.gov/pubmed/?term=27234587
516,Yemen,"Alareqi LM, Mahdy MA, Lau YL, Fong MY, Abdul-Ghani R, Mahmud R",2016,http://www.ncbi.nlm.nih.gov/pubmed/?term=27343362
460,Zambia,"Tan KR, Katalenich BL, Mace KE, Nambozi M, Taylor SM, Meshnick SR, Wiegand RE, Chalwe V, Filler SJ, Kamuliwo M, Craig AS",2014,http://www.ncbi.nlm.nih.gov/pubmed/?term=24909578
448,Zambia,"Siame MN, Mharakurwa S, Chipeta J, Thuma P, Michelo C",2015,http://www.ncbi.nlm.nih.gov/pubmed/?term=25943379
811,Zambia,"Yan H, Feng J, Yin JH, Huang F, Kong XL, Lin KM, Zhang T, Feng XY, Zhou SS, Cao JP, Xia ZG.",2021,https://pubmed.ncbi.nlm.nih.gov/34568082/
443,Sénégal,"Papa Mze N, Ndiaye YD, Diedhiou CK, Rahamatou S, Dieye B, Daniels RF, Hamilton EJ, Diallo M, Bei AK, Wirth DF, Mboup S, Volkman SK, Ahouidi AD, Ndiaye D",2015,http://www.ncbi.nlm.nih.gov/pubmed/?term=26415927
