study Id,country,author,publication year,publication URL
20547800,Afghanistan,Beshir K,2010,http://www.pubmedcentral.nih.gov/articlerender.fcgi?artid=2934991&tool=pmcentrez&rendertype=abstract
23497229,Afghanistan,Awab GR,2013,http://www.pubmedcentral.nih.gov/articlerender.fcgi?artid=3607912&tool=pmcentrez&rendertype=abstract
706,Algeria,"Tao Zhang, Xian Xu, Jingjing Jiang, Chen Yu, Cuicui Tian, and Weidong Li",2018,https://www.ncbi.nlm.nih.gov/pubmed/29436339
19708897,Angola,Menegon M,2009,http://www.ncbi.nlm.nih.gov/pubmed/19708897
19014684,Angola,Figueiredo P,2008,http://www.pubmedcentral.nih.gov/articlerender.fcgi?artid=2613152&tool=pmcentrez&rendertype=abstract
20565881,Angola,Gama BE,2010,http://www.pubmedcentral.nih.gov/articlerender.fcgi?artid=2898790&tool=pmcentrez&rendertype=abstract
22850519,Angola,Fancony C,2012,http://www.pubmedcentral.nih.gov/articlerender.fcgi?artid=3457352&tool=pmcentrez&rendertype=abstract
24581308,Angola,Aguiar ACC,2014,http://www.pubmedcentral.nih.gov/articlerender.fcgi?artid=3945814&tool=pmcentrez&rendertype=abstract
625,Angola,Feng Lu,2017,https://www.ncbi.nlm.nih.gov/pubmed/28747223
423,Angola,"Zhou RM, Zhang HW, Yang CY, Liu Y, Zhao YL, Li SH, Qian D, Xu BL",2016,http://www.ncbi.nlm.nih.gov/pubmed/?term=27160572
706,Angola,"Tao Zhang, Xian Xu, Jingjing Jiang, Chen Yu, Cuicui Tian, and Weidong Li",2018,https://www.ncbi.nlm.nih.gov/pubmed/29436339
11356518,Angola,Durand R,2001,http://www.ncbi.nlm.nih.gov/pubmed/11356518
15189458,Bangladesh,van den Broek IVF,2004,http://www.ncbi.nlm.nih.gov/pubmed/?term=15189458
21645634,Bangladesh,Kawai A,2011,http://www.ncbi.nlm.nih.gov/pubmed/21645634
22453078,Bangladesh,Takahashi N,2012,http://www.pubmedcentral.nih.gov/articlerender.fcgi?artid=3369212&tool=pmcentrez&rendertype=abstract
20097306,Bangladesh,Marma ASP,2010,http://www.ncbi.nlm.nih.gov/pubmed/20097306
622,Bangladesh,Mohammad Shafiul Alam,2017,https://www.ncbi.nlm.nih.gov/pubmed/?term=28806961
17033142,Benin,Menegon M,2006,http://www.iss.it/publ/anna/2006/2/422203.pdf
16154388,Benin,Severini C,2006,http://www.ncbi.nlm.nih.gov/pubmed/16154388
16569231,Benin,Cojean S,2006,http://www.pubmedcentral.nih.gov/articlerender.fcgi?artid=1448192&tool=pmcentrez&rendertype=abstract
20439955,Benin,Andriantsoanirina V,2010,http://www.pubmedcentral.nih.gov/articlerender.fcgi?artid=2861372&tool=pmcentrez&rendertype=abstract
24100489,Benin,Dahlström S,2013,http://www.ncbi.nlm.nih.gov/pubmed/24100489
23634705,Benin,Ogouyèmi-Hounto A,2013,http://www.pubmedcentral.nih.gov/articlerender.fcgi?artid=3651273&tool=pmcentrez&rendertype=abstract
24225351,Benin,Ogouyèmi-Hounto A,2013,http://www.pubmedcentral.nih.gov/articlerender.fcgi?artid=3834525&tool=pmcentrez&rendertype=abstract
423,Benin,"Zhou RM, Zhang HW, Yang CY, Liu Y, Zhao YL, Li SH, Qian D, Xu BL",2016,http://www.ncbi.nlm.nih.gov/pubmed/?term=27160572
706,Benin,"Tao Zhang, Xian Xu, Jingjing Jiang, Chen Yu, Cuicui Tian, and Weidong Li",2018,https://www.ncbi.nlm.nih.gov/pubmed/29436339
11356518,Benin,Durand R,2001,http://www.ncbi.nlm.nih.gov/pubmed/11356518
718,Botswana,"Tawe L, Menegon M, Ramatlho P, Muthoga C, Mutukwa N, Vurayai M, Bothudile W, Motshoge T, L'Episcopia M, Mosweunyane T, Kasvosve I, Severini C, Paganotti G",2018,https://www.ncbi.nlm.nih.gov/pubmed/?term=30350774
15216481,Brazil,Vieira PP,2004,http://www.ncbi.nlm.nih.gov/pubmed/15216481
17096048,Brazil,Viana GMR,2006,http://www.ncbi.nlm.nih.gov/pubmed/?term=17096048
22302850,Brazil,Gbotosho GO,2012,http://www.pubmedcentral.nih.gov/articlerender.fcgi?artid=3269269&tool=pmcentrez&rendertype=abstract
18304266,Brazil,Ferreira ID,2008,http://www.ncbi.nlm.nih.gov/pubmed/18304266
19602248,Brazil,Gama BE,2009,http://www.pubmedcentral.nih.gov/articlerender.fcgi?artid=2716359&tool=pmcentrez&rendertype=abstract
25239550,Brazil,Inoue J,2014,http://www.ncbi.nlm.nih.gov/pubmed/25239550
24581308,Brazil,Aguiar ACC,2014,http://www.pubmedcentral.nih.gov/articlerender.fcgi?artid=3945814&tool=pmcentrez&rendertype=abstract
18411325,Brazil,Mehlotra RK,2008,http://www.pubmedcentral.nih.gov/articlerender.fcgi?artid=2415780&tool=pmcentrez&rendertype=abstract
15772316,Burkina Faso,ABDEL-AZIZ IZ,2005,http://www.ncbi.nlm.nih.gov/pubmed/15772316
14636690,Burkina Faso,Tinto H,2003,http://www.ncbi.nlm.nih.gov/pubmed/?term=14636690
20148338,Burkina Faso,Oster N,2010,http://www.ncbi.nlm.nih.gov/pubmed/20148338
17538894,Burkina Faso,Diallo DA,2007,http://www.ncbi.nlm.nih.gov/pubmed/17538894
17904509,Burkina Faso,Meissner PE,2008,http://www.ncbi.nlm.nih.gov/pubmed/17904509
16154388,Burkina Faso,Severini C,2006,http://www.ncbi.nlm.nih.gov/pubmed/16154388
17033142,Burkina Faso,Menegon M,2006,http://www.iss.it/publ/anna/2006/2/422203.pdf
16837725,Burkina Faso,Dokomajilar C,2006,http://www.16837725.nlm.nih.gov/pubmed/16837725
20060374,Burkina Faso,Danquah I,2010,http://www.ncbi.nlm.nih.gov/pubmed/20060374
18304270,Burkina Faso,Tinto H,2008,http://www.ncbi.nlm.nih.gov/pubmed/18304270
25403659,Burkina Faso,"Baraka V, Tinto H, Valea I, Fitzhenry R, Delgado-Ratto C, Mbonye MK, Van Overmeir C, Rosanas-Urgell A, Van Geertruyden JP, D'Alessandro U, Erhart A",2015,http://www.ncbi.nlm.nih.gov/pubmed/?term=25403659
17292769,Burkina Faso,Zongo I,2007,http://www.ncbi.nlm.nih.gov/pubmed/?term=17292769
17336652,Burkina Faso,"Ratcliff A, Siswantoro H, Kenangalem E, Maristela R, Wuwung RM, Laihad F, Ebsworth EP, Anstey NM, Tjitra E, Price RN.",2007,http://www.pubmedcentral.nih.gov/articlerender.fcgi?artid=2532500&tool=pmcentrez&rendertype=abstract
20439955,Burkina Faso,Andriantsoanirina V,2010,http://www.pubmedcentral.nih.gov/articlerender.fcgi?artid=2861372&tool=pmcentrez&rendertype=abstract
20231394,Burkina Faso,Somé AF,2010,http://www.pubmedcentral.nih.gov/articlerender.fcgi?artid=2863637&tool=pmcentrez&rendertype=abstract
25425434,Burkina Faso,"Sagara I, Oduro AR, Mulenga M, Dieng Y, Ogutu B, Tiono AB, Mugyenyi P, Sie A, Wasunna M, Kain KC, Djimdé AA, Sarkar S, Chandra R, Robbins J, Dunne MW",2014,http://www.ncbi.nlm.nih.gov/pubmed/?term=25425434
24733476,Burkina Faso,Somé F,2014,http://www.ncbi.nlm.nih.gov/pubmed/24733476
532,Burkina Faso,"Zongo I, Milligan P, Compaore YD, Some AF, Greenwood B, Tarning J, Rosenthal PJ, Sutherland C, Nosten F, Ouedraogo JB",2015,http://www.ncbi.nlm.nih.gov/pubmed/?term=25918149
24028570,Burkina Faso,van Schalkwyk DA,2013,http://www.pubmedcentral.nih.gov/articlerender.fcgi?artid=3847303&tool=pmcentrez&rendertype=abstract
26516402,Burkina Faso,"Sondo P, Derra K, Tarnagda Z, Nakanabo SD, Zampa O, Kazienga A, Valea I, Sorgho H, Ouedraogo JB, Guiguemde TR, Tinto H",2015,http://www.ncbi.nlm.nih.gov/pubmed/?term=26516402
27031231,Burkina Faso,"Sondo P, Derra K, Diallo Nakanabo S, Tarnagda Z, Kazienga A, Zampa O, Valéa I, Sorgho H, Owusu-Dabo E, Ouédraogo JB, Guiguemdé TR, Tinto H",2016,http://www.ncbi.nlm.nih.gov/pubmed/?term=27031231
497,Burkina Faso,"Somé AF, Sorgho H, Zongo I, Bazié T, Nikiéma F, Sawadogo A, Zongo M, Compaoré YD, Ouédraogo JB",2016,http://www.ncbi.nlm.nih.gov/pubmed/?term=28004634
423,Burkina Faso,"Zhou RM, Zhang HW, Yang CY, Liu Y, Zhao YL, Li SH, Qian D, Xu BL",2016,http://www.ncbi.nlm.nih.gov/pubmed/?term=27160572
449,Burkina Faso,Paul Sondo,2016,NA
16154388,Burundi,Severini C,2006,http://www.ncbi.nlm.nih.gov/pubmed/16154388
17033142,Burundi,Menegon M,2006,http://www.iss.it/publ/anna/2006/2/422203.pdf
12499174,Cambodia,Lim P,2003,http://www.ncbi.nlm.nih.gov/pubmed/?term=12499174
22453078,Cambodia,Takahashi N,2012,http://www.pubmedcentral.nih.gov/articlerender.fcgi?artid=3369212&tool=pmcentrez&rendertype=abstract
20421395,Cambodia,Imwong M,2010,http://www.pubmedcentral.nih.gov/articlerender.fcgi?artid=2897287&tool=pmcentrez&rendertype=abstract
19641202,Cambodia,Dondorp AM,2009,http://www.nejm.org/doi/full/10.1056/NEJMoa0808859
715,Cambodia,"Iwagami M, Tangpukdee N, Wilairatana P, Krudsood S, Dao LD, Nakazawa S, Sinuon M, Socheat D, Yasuoka J, Jimba M, Watanabe H, Kobayashi J, Toma H, Vanisaveth V, Hongvanthong B, Brey PT, Kano S.",2018,https://www.ncbi.nlm.nih.gov/pubmed/?term=30165262
25049252,Cambodia,Lanteri CA,2014,http://www.ncbi.nlm.nih.gov/pubmed/25049252
12455495,Cameroon,Basco L,2002,http://www.ncbi.nlm.nih.gov/pubmed/12455495
12455496,Cameroon,Basco L,2002,http://www.ncbi.nlm.nih.gov/pubmed/12455496
16154388,Cameroon,Severini C,2006,http://www.ncbi.nlm.nih.gov/pubmed/16154388
17033142,Cameroon,Menegon M,2006,http://www.iss.it/publ/anna/2006/2/422203.pdf
16569231,Cameroon,Cojean S,2006,http://www.pubmedcentral.nih.gov/articlerender.fcgi?artid=1448192&tool=pmcentrez&rendertype=abstract
20439955,Cameroon,Andriantsoanirina V,2010,http://www.pubmedcentral.nih.gov/articlerender.fcgi?artid=2861372&tool=pmcentrez&rendertype=abstract
631,Cameroon,"Moyeh MN, Njimoh DL, Evehe MS, Ali IM, Nji AM, Nkafu DN, Masumbe PN, Barbara AT, Ndikum VN, Mbacham WF.",2018,https://www.ncbi.nlm.nih.gov/pubmed/?term=29854394
20105282,Cameroon,Mbacham WF,2010,http://www.pubmedcentral.nih.gov/articlerender.fcgi?artid=2831903&tool=pmcentrez&rendertype=abstract
22498364,Cameroon,Menard S,2012,http://www.pubmedcentral.nih.gov/articlerender.fcgi?artid=3368752&tool=pmcentrez&rendertype=abstract
24092656,Cameroon,Ngassa Mbenda HG,2014,http://www.ncbi.nlm.nih.gov/pubmed/24092656
625,Cameroon,Feng Lu,2017,https://www.ncbi.nlm.nih.gov/pubmed/28747223
604,Cameroon,"Apinjoh TO, Mugri RN, Miotto O, Chi HF, Tata RB, Anchang-Kimbi JK, Fon EM, Tangoh DA, Nyingchu RV, Jacob C, Amato R, Djimde A, Kwiatkowski D, Achidi EA, Amambua-Ngwa A",2017,http://www.ncbi.nlm.nih.gov/pubmed/?term=29110722
423,Cameroon,"Zhou RM, Zhang HW, Yang CY, Liu Y, Zhao YL, Li SH, Qian D, Xu BL",2016,http://www.ncbi.nlm.nih.gov/pubmed/?term=27160572
706,Cameroon,"Tao Zhang, Xian Xu, Jingjing Jiang, Chen Yu, Cuicui Tian, and Weidong Li",2018,https://www.ncbi.nlm.nih.gov/pubmed/29436339
801,Cameroon,"Moyeh MN, Fankem SN, Ali IM, Sofeu D, Sandie SM, Njimoh DL, Ghogomu SM, Kimbi HK, Mbacham WF.",2022,https://pubmed.ncbi.nlm.nih.gov/35357271/
16154388,Central African Republic,Severini C,2006,http://www.ncbi.nlm.nih.gov/pubmed/16154388
17033142,Central African Republic,Menegon M,2006,http://www.iss.it/publ/anna/2006/2/422203.pdf
16474071,Central African Republic,Menard D,2006,http://www.ncbi.nlm.nih.gov/pubmed/16474071
740,Central African Republic,"Amor A, Toro C, FernÃ¡ndez-MartÃ­nez A, Baquero M, Benito A, Berzosa P.",2012,https://www.ncbi.nlm.nih.gov/pubmed/?term=22462737
423,Central African Republic,"Zhou RM, Zhang HW, Yang CY, Liu Y, Zhao YL, Li SH, Qian D, Xu BL",2016,http://www.ncbi.nlm.nih.gov/pubmed/?term=27160572
11356518,Central African Republic,Durand R,2001,http://www.ncbi.nlm.nih.gov/pubmed/11356518
20439955,Chad,Andriantsoanirina V,2010,http://www.pubmedcentral.nih.gov/articlerender.fcgi?artid=2861372&tool=pmcentrez&rendertype=abstract
625,Chad,Feng Lu,2017,https://www.ncbi.nlm.nih.gov/pubmed/28747223
423,Chad,"Zhou RM, Zhang HW, Yang CY, Liu Y, Zhao YL, Li SH, Qian D, Xu BL",2016,http://www.ncbi.nlm.nih.gov/pubmed/?term=27160572
706,Chad,"Tao Zhang, Xian Xu, Jingjing Jiang, Chen Yu, Cuicui Tian, and Weidong Li",2018,https://www.ncbi.nlm.nih.gov/pubmed/29436339
607,Chad,"Suttipat Srisutham, Nguyen Than Thuy-Nhien, Ranitha Vongpromek, Teeradet Khomvarn, Mayfong Mayxay, Olivo Miotto, Francois Nosten, Frank Smithuis, Rob van der Pluijm, Lorenz von Seidlein, Carol H Sibley, Philippe J. Guérin, Nicholas P. J. Day, Arjen Dondorp, Mehul Dhorda, Mallika Imwong",2016,NA
11356518,Chad,Durand R,2001,http://www.ncbi.nlm.nih.gov/pubmed/11356518
15827277,China,Wang X,2005,http://www.ncbi.nlm.nih.gov/pubmed/?term=15827277
17875016,China,Yang Z,2007,http://www.ncbi.nlm.nih.gov/pubmed/17875016
17954685,China,Chen N,2008,http://www.pubmedcentral.nih.gov/articlerender.fcgi?artid=2223894&tool=pmcentrez&rendertype=abstract
19772548,China,Zhang GQ,2009,http://www.ncbi.nlm.nih.gov/pubmed/19772548
22839209,China,Huang F,2012,http://www.pubmedcentral.nih.gov/articlerender.fcgi?artid=3459721&tool=pmcentrez&rendertype=abstract
772,China,"Ruimin Zhou, Chengyun Yang, Suhua Li, Yuling Zhao, Ying Liu,a Dan Qian, Hao Wang, Deling Lu, Hongwei Zhang, Fang Huangb",2019,https://www.ncbi.nlm.nih.gov/pubmed/?term=31358591
25691632,China,Feng J,2015,http://www.ncbi.nlm.nih.gov/pubmed/25691632
18165517,Colombia,Echeverry DF,2007,http://www.ncbi.nlm.nih.gov/pubmed/18165517
24657918,Colombia,Jovel IT,2014,http://www.ncbi.nlm.nih.gov/pubmed/24657918
15216481,Colombia,Vieira PP,2004,http://www.ncbi.nlm.nih.gov/pubmed/15216481
19462557,Colombia,Restrepo E,2008,http://www.ncbi.nlm.nih.gov/pubmed/19462557
18426617,Colombia,RESTREPO-PINEDA E,2008,http://www.ncbi.nlm.nih.gov/pubmed/18426617
595,Colombia,"Obaldia N, Baro NK, Calzada JE, Santamaria AM, Daniels R, Wong W, Chang HH, Hamilton EJ, Arevalo-Herrera M, Herrera S, Wirth DF, Hartl DL, Marti M, Volkman SK",2015,http://www.ncbi.nlm.nih.gov/pubmed/?term=25336725
18411325,Colombia,Mehlotra RK,2008,http://www.pubmedcentral.nih.gov/articlerender.fcgi?artid=2415780&tool=pmcentrez&rendertype=abstract
15228252,Colombia,Gonzales IJ,2003,http://www.ncbi.nlm.nih.gov/pubmed/?term=15228252
15638145,Comoros,Randrianarivelojosia M,2004,http://www.ncbi.nlm.nih.gov/pubmed/15638145
16310329,Comoros,Parola P,2005,http://www.ncbi.nlm.nih.gov/pubmed/16310329
16569231,Comoros,Cojean S,2006,http://www.pubmedcentral.nih.gov/articlerender.fcgi?artid=1448192&tool=pmcentrez&rendertype=abstract
17827355,Comoros,"Parola P, Pradines B, Simon F, Carlotti MP, Minodier P, Ranjeva MP, Badiaga S, Bertaux L, Delmont J, Morillon M, Silai R, Brouqui P, Parzy D",2007,http://www.ncbi.nlm.nih.gov/pubmed/?term=17827355
507,Comoros,"Huang B, Wang Q, Deng C, Wang J, Yang T, Huang S, Su XZ, Liu Y, Pan L, Li G, Li D, Zhang H, Bacar A, Abdallah KS, Attoumane R, Mliva AM, Zheng S, Xu Q, Lu F, Guan Y, Song J",2016,http://www.ncbi.nlm.nih.gov/pubmed/?term=27527604
11356518,Comoros,Durand R,2001,http://www.ncbi.nlm.nih.gov/pubmed/11356518
16185238,Congo,Nsimba B,2005,http://www.ncbi.nlm.nih.gov/pubmed/16185238
16002038,Congo,Mayengue PI,2005,http://www.ncbi.nlm.nih.gov/pubmed/16002038
16569231,Congo,Cojean S,2006,http://www.pubmedcentral.nih.gov/articlerender.fcgi?artid=1448192&tool=pmcentrez&rendertype=abstract
737,Congo,"Tsumori Y, Ndounga M, Sunahara T, Hayashida N, Inoue M, Nakazawa S, Casimiro P, Isozumi R, Uemura H, Tanabe K, Kaneko O, Culleton R.",2011,https://www.ncbi.nlm.nih.gov/pubmed/?term=21858115
625,Congo,Feng Lu,2017,https://www.ncbi.nlm.nih.gov/pubmed/28747223
706,Congo,"Tao Zhang, Xian Xu, Jingjing Jiang, Chen Yu, Cuicui Tian, and Weidong Li",2018,https://www.ncbi.nlm.nih.gov/pubmed/29436339
11356518,Congo,Durand R,2001,http://www.ncbi.nlm.nih.gov/pubmed/11356518
16154388,Democratic Republic of the Congo,Severini C,2006,http://www.ncbi.nlm.nih.gov/pubmed/16154388
17033142,Democratic Republic of the Congo,Menegon M,2006,http://www.iss.it/publ/anna/2006/2/422203.pdf
20439955,Democratic Republic of the Congo,Andriantsoanirina V,2010,http://www.pubmedcentral.nih.gov/articlerender.fcgi?artid=2861372&tool=pmcentrez&rendertype=abstract
24732459,Democratic Republic of the Congo,Antonia AL,2014,http://www.ncbi.nlm.nih.gov/pubmed/?term=24732459
19346374,Democratic Republic of the Congo,Mobula L,2009,http://www.ajtmh.org/content/80/4/555.long
22463364,Democratic Republic of the Congo,Koukouikila-Koussounda F,2012,http://www.pubmedcentral.nih.gov/articlerender.fcgi?artid=3349535&tool=pmcentrez&rendertype=abstract
24359280,Democratic Republic of the Congo,Makaba Mvumbi D,2013,http://www.pubmedcentral.nih.gov/articlerender.fcgi?artid=3878180&tool=pmcentrez&rendertype=abstract
24060234,Democratic Republic of the Congo,Juliao PC,2013,http://www.pubmedcentral.nih.gov/articlerender.fcgi?artid=3849196&tool=pmcentrez&rendertype=abstract
625,Democratic Republic of the Congo,Feng Lu,2017,https://www.ncbi.nlm.nih.gov/pubmed/28747223
423,Democratic Republic of the Congo,"Zhou RM, Zhang HW, Yang CY, Liu Y, Zhao YL, Li SH, Qian D, Xu BL",2016,http://www.ncbi.nlm.nih.gov/pubmed/?term=27160572
706,Democratic Republic of the Congo,"Tao Zhang, Xian Xu, Jingjing Jiang, Chen Yu, Cuicui Tian, and Weidong Li",2018,https://www.ncbi.nlm.nih.gov/pubmed/29436339
797,Democratic Republic of the Congo,"Yobi DM, Kayiba NK, Mvumbi DM, Boreux R, Kabututu PZ, Akilimali PZ, Situakibanza HNT, De Mol P, Speybroeck N, Mvumbi GL, Hayette MP.",2022,https://pubmed.ncbi.nlm.nih.gov/35144535/
11356518,Democratic Republic of the Congo,Durand R,2001,http://www.ncbi.nlm.nih.gov/pubmed/11356518
503,Djibouti,"Roseau JB, Pradines B, Paleiron N, Vedy S, Madamet M, Simon F, Javelle E",2016,http://www.ncbi.nlm.nih.gov/pubmed/?term=27646822
26651993,Ecuador,"Sáenz FE, Morton LC, Okoth SA, Valenzuela G, Vera-Arias CA, Vélez-Álvarez E, Lucchi NW, Castro LE, Udhayakumar V",2014,http://www.ncbi.nlm.nih.gov/pubmed/?term=26651993
806,Equatorial Guinea,"Berzosa P, Molina de la Fuente I, Ta-Tang TH, González V, García L, Rodríguez-Galet A, Díaz-Regañón R, Galán R, Cerrada-Gálvez L, Ncogo P, Riloha M, Benito A.",2021,https://pubmed.ncbi.nlm.nih.gov/34906159/
23537170,Equatorial Guinea,Mendes C,2013,http://www.pubmedcentral.nih.gov/articlerender.fcgi?artid=3621214&tool=pmcentrez&rendertype=abstract
475,Equatorial Guinea,"Guerra M, Neres R, Salgueiro P, Mendes C, Ndong-Mabale N, Berzosa P, de Sousa B, Arez AP",2017,http://www.ncbi.nlm.nih.gov/pubmed/?term=27795385
557,Equatorial Guinea,"Berzosa P, Esteban-Cantos A, García L, González V, Navarro M, Fernández T, Romay-Barja M, Herrador Z, Rubio JM, Ncogo P, Santana-Morales M, Valladares B, Riloha M, Benito A",2017,http://www.ncbi.nlm.nih.gov/pubmed/?term=28086777
625,Equatorial Guinea,Feng Lu,2017,https://www.ncbi.nlm.nih.gov/pubmed/28747223
423,Equatorial Guinea,"Zhou RM, Zhang HW, Yang CY, Liu Y, Zhao YL, Li SH, Qian D, Xu BL",2016,http://www.ncbi.nlm.nih.gov/pubmed/?term=27160572
706,Equatorial Guinea,"Tao Zhang, Xian Xu, Jingjing Jiang, Chen Yu, Cuicui Tian, and Weidong Li",2018,https://www.ncbi.nlm.nih.gov/pubmed/29436339
795,Equatorial Guinea,"Liu Y, Liang X, Li J, Chen J, Huang H, Zheng Y, He J, Ehapo CS, Eyi UM, Yang P, Lin L, Chen W, Sun G, Liu X, Zha G, Wang J, Wang C, Wei H, Lin M.",2022,https://pubmed.ncbi.nlm.nih.gov/35670601/
11356518,Equatorial Guinea,Durand R,2001,http://www.ncbi.nlm.nih.gov/pubmed/11356518
26875763,Eritrea,"Menegon M, Nurahmed AM, Talha AA, Nour BY, Severini C",2016,http://www.ncbi.nlm.nih.gov/pubmed/?term=26875763
16817953,Ethiopia,Schunk M,2006,http://www.pubmedcentral.nih.gov/articlerender.fcgi?artid=1524791&tool=pmcentrez&rendertype=abstract
738,Ethiopia,"Patricia Mula, Amalia Fernández-Martínez, Aida de Lucio, Jose Manuel Ramos, Francisco Reyes, Vicenta González, Agustín Benito,Pedro Berzosa",2011,https://www.ncbi.nlm.nih.gov/pubmed/?term=21810256
24964730,Ethiopia,Kebede S,2014,http://www.ncbi.nlm.nih.gov/pubmed/24964730
24674605,Ethiopia,Golassa L,2014,http://www.pubmedcentral.nih.gov/articlerender.fcgi?artid=3986696&tool=pmcentrez&rendertype=abstract
25986047,Ethiopia,NA,NA,NA
571,Ethiopia,"Lo E, Hemming-Schroeder E, Yewhalaw D, Nguyen J, Kebede E, Zemene E, Getachew S, Tushune K, Zhong D, Zhou G, Petros B, Yan G",2017,http://www.ncbi.nlm.nih.gov/pubmed/?term=28746333
423,Ethiopia,"Zhou RM, Zhang HW, Yang CY, Liu Y, Zhao YL, Li SH, Qian D, Xu BL",2016,http://www.ncbi.nlm.nih.gov/pubmed/?term=27160572
706,Ethiopia,"Tao Zhang, Xian Xu, Jingjing Jiang, Chen Yu, Cuicui Tian, and Weidong Li",2018,https://www.ncbi.nlm.nih.gov/pubmed/29436339
22232280,French Guiana,Legrand E,2012,http://www.pubmedcentral.nih.gov/articlerender.fcgi?artid=3294927&tool=pmcentrez&rendertype=abstract
16235185,Gabon,Uhlemann AC,2005,http://www.ncbi.nlm.nih.gov/pubmed/16235185
22004584,Gabon,Frank M,2011,http://www.pubmedcentral.nih.gov/articlerender.fcgi?artid=3215978&tool=pmcentrez&rendertype=abstract
21251998,Gabon,Lekana-Douki JB,2011,http://www.ncbi.nlm.nih.gov/pubmed/21251998
23153201,Gabon,Zatra R,2012,http://www.pubmedcentral.nih.gov/articlerender.fcgi?artid=3534593&tool=pmcentrez&rendertype=abstract
506,Gabon,"Maghendji-Nzondo S, Kouna LC, Mourembou G, Boundenga L, Imboumy-Limoukou RK, Matsiegui PB, Manego-Zoleko R, Mbatchi B, Raoult D, Toure-Ndouo F, Lekana-Douki JB",2016,http://www.ncbi.nlm.nih.gov/pubmed/?term=27538948
625,Gabon,Feng Lu,2017,https://www.ncbi.nlm.nih.gov/pubmed/28747223
423,Gabon,"Zhou RM, Zhang HW, Yang CY, Liu Y, Zhao YL, Li SH, Qian D, Xu BL",2016,http://www.ncbi.nlm.nih.gov/pubmed/?term=27160572
706,Gabon,"Tao Zhang, Xian Xu, Jingjing Jiang, Chen Yu, Cuicui Tian, and Weidong Li",2018,https://www.ncbi.nlm.nih.gov/pubmed/29436339
11356518,Gabon,Durand R,2001,http://www.ncbi.nlm.nih.gov/pubmed/11356518
18008244,Gambia,Ord R,2007,http://www.ncbi.nlm.nih.gov/pubmed/18008244
12518847,Gambia,Sutherland CJ,2002,http://www.ncbi.nlm.nih.gov/pubmed/12518847
15388456,Gambia,Hallett RL,2004,http://www.ncbi.nlm.nih.gov/pubmed/?term=15388456
16206082,Gambia,Meerman L,2005,http://www.ncbi.nlm.nih.gov/pubmed/16206082
16117966,Ghana,Ehrhardt S,2003,http://www.ncbi.nlm.nih.gov/pubmed/?term=16117966
17562799,Ghana,Ehrhardt,2007,http://www.pubmedcentral.nih.gov/articlerender.fcgi?artid=2043215&tool=pmcentrez&rendertype=abstract
17467758,Ghana,Wichmann O,2007,http://www.ncbi.nlm.nih.gov/pubmed/17467758
16154388,Ghana,Severini C,2006,http://www.ncbi.nlm.nih.gov/pubmed/16154388
17033142,Ghana,Menegon M,2006,http://www.iss.it/publ/anna/2006/2/422203.pdf
17158810,Ghana,Duah NO,2007,http://www.ncbi.nlm.nih.gov/pubmed/17158810
22453078,Ghana,Takahashi N,2012,http://www.pubmedcentral.nih.gov/articlerender.fcgi?artid=3369212&tool=pmcentrez&rendertype=abstract
24172030,Ghana,Duah NO,2013,http://www.pubmedcentral.nih.gov/articlerender.fcgi?artid=3819684&tool=pmcentrez&rendertype=abstract
25425434,Ghana,"Sagara I, Oduro AR, Mulenga M, Dieng Y, Ogutu B, Tiono AB, Mugyenyi P, Sie A, Wasunna M, Kain KC, Djimdé AA, Sarkar S, Chandra R, Robbins J, Dunne MW",2014,http://www.ncbi.nlm.nih.gov/pubmed/?term=25425434
21327004,Ghana,Abruquah HH,2010,http://www.ncbi.nlm.nih.gov/pmc/articles/PMC2994155/
21288822,Ghana,"Md Tauqeer Alam, Dziedzom K. de Souza, Sumiti Vinayak, Sean M. Griffing, Amanda C. Poe, Nancy O. Duah, Anita Ghansah, Kwame Asamoa, Laurence Slutsker, Michael D. Wilson, John W. Barnwell, Venkatachalam Udhayakumar, and Kwadwo A. Koram",2011,http://www.pubmedcentral.nih.gov/articlerender.fcgi?artid=3071065&tool=pmcentrez&rendertype=abstract
21745377,Ghana,Kwansa-Bentum B,2011,http://www.pubmedcentral.nih.gov/articlerender.fcgi?artid=3146903&tool=pmcentrez&rendertype=abstract
24727053,Ghana,Afoakwah R,2014,http://www.ncbi.nlm.nih.gov/pubmed/24727053
24028570,Ghana,van Schalkwyk DA,2013,http://www.pubmedcentral.nih.gov/articlerender.fcgi?artid=3847303&tool=pmcentrez&rendertype=abstract
27026134,Ghana,"Asare KK, Boampong JN, Duah NO, Afoakwah R, Sehgal R, Quashie NB",2016,http://www.ncbi.nlm.nih.gov/pubmed/?term=27026134
25348538,Ghana,Feng J,2015,http://www.ncbi.nlm.nih.gov/pubmed/25348538
780,Ghana,"Mensah BA, Aydemir O, Myers-Hansen JL, Opoku M, Hathaway NJ, Marsh PW, Anto F, Bailey J, Abuaku B, Ghansah A.",2020,https://pubmed.ncbi.nlm.nih.gov/31932374/
625,Ghana,Feng Lu,2017,https://www.ncbi.nlm.nih.gov/pubmed/28747223
423,Ghana,"Zhou RM, Zhang HW, Yang CY, Liu Y, Zhao YL, Li SH, Qian D, Xu BL",2016,http://www.ncbi.nlm.nih.gov/pubmed/?term=27160572
706,Ghana,"Tao Zhang, Xian Xu, Jingjing Jiang, Chen Yu, Cuicui Tian, and Weidong Li",2018,https://www.ncbi.nlm.nih.gov/pubmed/29436339
759,Ghana,"Dieng CC, Gonzalez L, Pestana K, Dhikrullahi SB, Amoah LE, Afrane YA, Lo E.",2019,https://www.ncbi.nlm.nih.gov/pubmed/?term=31315304
18411325,Ghana,Mehlotra RK,2008,http://www.pubmedcentral.nih.gov/articlerender.fcgi?artid=2415780&tool=pmcentrez&rendertype=abstract
22208458,Ghana,"Yumiko Saito-Nakano, Kazuyuki Tanabe, Toshihiro Mita",2011,http://www.pubmedcentral.nih.gov/articlerender.fcgi?artid=3309963&tool=pmcentrez&rendertype=abstract
11679121,Ghana,Mockenhaupt FP,2001,http://www.ncbi.nlm.nih.gov/pubmed/11679121
20439955,Guinea,Andriantsoanirina V,2010,http://www.pubmedcentral.nih.gov/articlerender.fcgi?artid=2861372&tool=pmcentrez&rendertype=abstract
625,Guinea,Feng Lu,2017,https://www.ncbi.nlm.nih.gov/pubmed/28747223
423,Guinea,"Zhou RM, Zhang HW, Yang CY, Liu Y, Zhao YL, Li SH, Qian D, Xu BL",2016,http://www.ncbi.nlm.nih.gov/pubmed/?term=27160572
706,Guinea,"Tao Zhang, Xian Xu, Jingjing Jiang, Chen Yu, Cuicui Tian, and Weidong Li",2018,https://www.ncbi.nlm.nih.gov/pubmed/29436339
11356518,Guinea,Durand R,2001,http://www.ncbi.nlm.nih.gov/pubmed/11356518
25421474,Guinea-Bissau,Jovel IT,2015,http://www.ncbi.nlm.nih.gov/pubmed/25421474
17033142,Guinea-Bissau,Menegon M,2006,http://www.iss.it/publ/anna/2006/2/422203.pdf
16154388,Guinea-Bissau,Severini C,2006,http://www.ncbi.nlm.nih.gov/pubmed/16154388
19718439,Guinea-Bissau,Ursing J,2009,http://www.pubmedcentral.nih.gov/articlerender.fcgi?artid=2729929&tool=pmcentrez&rendertype=abstract
17488902,Guinea-Bissau,Ursing J,2007,http://www.ncbi.nlm.nih.gov/pubmed/17488902
24657918,Guinea-Bissau,Jovel IT,2014,http://www.ncbi.nlm.nih.gov/pubmed/24657918
17467343,Guinea-Bissau,Ursing J,2007,http://www.ncbi.nlm.nih.gov/pubmed/17467343
21148503,Guinea-Bissau,Ursing J,2011,http://www.pubmedcentral.nih.gov/articlerender.fcgi?artid=3086436&tool=pmcentrez&rendertype=abstract
775,Guinea-Bissau,"Ursing J, Rombo L, Eksborg S, Larson L, Bruvoll A, Tarning J, Rodrigues A, Kofoed PE.",2020,NA
567,Guinea-Bissau,"Nag S, Dalgaard MD, Kofoed PE, Ursing J, Crespo M, Andersen LO, Aarestrup FM, Lund O, Alifrangis M",2017,http://www.ncbi.nlm.nih.gov/pubmed/?term=28546554
619,Guinea-Bissau,NA,NA,NA
15322628,Guyana,Best Plummer W,2004,http://www.ncbi.nlm.nih.gov/pubmed/15322628
19402959,Haiti,Londono BL,2009,http://www.pubmedcentral.nih.gov/articlerender.fcgi?artid=2686998&tool=pmcentrez&rendertype=abstract
518,Haiti,"Charles M, Das S, Daniels R, Kirkman L, Delva GG, Destine R, Escalante A, Villegas L, Daniels NM, Shigyo K, Volkman SK, Pape JW, Golightly LM",2016,http://www.ncbi.nlm.nih.gov/pubmed/?term=27089479
510,Haiti,"Morton LC, Huber C, Okoth SA, Griffing S, Lucchi N, Ljolje D, Boncy J, Oscar R, Townes D, McMorrow M, Chang MA, Udhayakumar V, Barnwell JW",2016,http://www.ncbi.nlm.nih.gov/pubmed/?term=27430541
22840888,Haiti,Gharbi M,2012,http://www.ncbi.nlm.nih.gov/pmc/articles/PMC3414028/
24252305,Haiti,ElBadry MA,2013,http://www.pubmedcentral.nih.gov/articlerender.fcgi?artid=3879102&tool=pmcentrez&rendertype=abstract
783,Haiti,"Rogier E, Herman C, Huber CS, Hamre KES, Pierre B, Mace KE, Pr?©sum?© J, Mond?©lus G, Romilus I, Elism?© T, Eisele TP, Druetz T, Existe A, Boncy J, Lemoine JF, Udhayakumar V, Chang MA.",2020,https://pubmed.ncbi.nlm.nih.gov/32310062/
711,Haiti,"Vincent JP, Komaki-Yasuda K, Existe AV, Boncy J, Kano S.",2018,https://www.ncbi.nlm.nih.gov/pubmed/?term=30334724
11356518,Haiti,Durand R,2001,http://www.ncbi.nlm.nih.gov/pubmed/11356518
23458957,Honduras,Meija Torres RE,2013,http://www.ncbi.nlm.nih.gov/pubmed/23458957
24657918,Honduras,Jovel IT,2014,http://www.ncbi.nlm.nih.gov/pubmed/24657918
22183028,Honduras,Jovel IT,2011,http://www.pubmedcentral.nih.gov/articlerender.fcgi?artid=3266654&tool=pmcentrez&rendertype=abstract
807,Honduras,"Fontecha G, Pinto A, Archaga O, Betancourth S, Escober L, Henríquez J, Valdivia HO, Montoya A, Mejía RE.",2021,https://pubmed.ncbi.nlm.nih.gov/34906144/
12826304,India,Vinayak S,2003,http://www.ncbi.nlm.nih.gov/pubmed/?term=12826304
18411325,India,Mehlotra RK,2008,http://www.pubmedcentral.nih.gov/articlerender.fcgi?artid=2415780&tool=pmcentrez&rendertype=abstract
15031513,India,Vathsala PG,2004,http://www.ncbi.nlm.nih.gov/pubmed/15031513
22236376,India,Mallick PK,2012,http://www.pubmedcentral.nih.gov/articlerender.fcgi?artid=3283508&tool=pmcentrez&rendertype=abstract
16516311,India,Vinayak S,2006,http://www.ncbi.nlm.nih.gov/pubmed/16516311
19426658,India,Valecha N,2009,http://www.ncbi.nlm.nih.gov/pubmed/19426658
16288790,India,Mishra S,2006,http://www.ncbi.nlm.nih.gov/pubmed/16288790
16586369,India,Mittra P,2006,http://www.ncbi.nlm.nih.gov/pubmed/16586369
15303989,India,Ranjit MR,2004,http://www.ncbi.nlm.nih.gov/pubmed/15303989
19220141,India,Lumb V,2009,http://www.ncbi.nlm.nih.gov/pubmed/19220141
526,India,"Tyagi RK, Das MK, Singh SS, Sharma YD",2013,http://www.ncbi.nlm.nih.gov/pubmed/?term=23292346
18577328,India,Sahu PK,2008,http://www.ncbi.nlm.nih.gov/pubmed/18577328
17428514,India,Pati SS,2007,http://www.ncbi.nlm.nih.gov/pubmed/17428514
19912592,India,Bharti PK,2010,http://www.ncbi.nlm.nih.gov/pubmed/19912592
17852923,India,Biswas S,2008,http://www.ncbi.nlm.nih.gov/pubmed/17852923
17609321,India,Keen J,2007,http://www.pubmedcentral.nih.gov/articlerender.fcgi?artid=2045286&tool=pmcentrez&rendertype=abstract
20038626,India,Mixson-Hayden T,2010,http://www.pubmedcentral.nih.gov/articlerender.fcgi?artid=2826016&tool=pmcentrez&rendertype=abstract
456,India,"Mohapatra PK, Sarma DK, Prakash A, Bora K, Ahmed MA, Sarma B, Goswami BK, Bhattacharyya DR, Mahanta J",2014,http://www.ncbi.nlm.nih.gov/pubmed/?term=25184337
19454000,India,Valecha N,2009,http://www.pubmedcentral.nih.gov/articlerender.fcgi?artid=2693515&tool=pmcentrez&rendertype=abstract
623,India,Sabyasachi Das,2017,https://www.ncbi.nlm.nih.gov/pubmed/28692943
23357175,India,Das Sutar SK,2013,http://www.ncbi.nlm.nih.gov/pubmed/23357175
21340360,India,Sutar SKD,2011,http://www.ncbi.nlm.nih.gov/pubmed/21340360
23509121,India,Das S,2013,http://www.ncbi.nlm.nih.gov/pubmed/23509121
20363804,India,Das MK,2010,http://www.ncbi.nlm.nih.gov/pubmed/20363804
24916876,India,Goswami D,2014,http://www.ncbi.nlm.nih.gov/pubmed/?term=24916876
24911283,India,Chauhan K,2014,http://www.ncbi.nlm.nih.gov/pubmed/24911283
24157593,India,Chauhan K,2013,http://www.ncbi.nlm.nih.gov/pubmed/24157593
22314538,India,Saha P,2012,http://www.pubmedcentral.nih.gov/articlerender.fcgi?artid=3346630&tool=pmcentrez&rendertype=abstract
364,India,Pathak A,2014,http://www.pubmedcentral.nih.gov/articlerender.fcgi?artid=4036110&tool=pmcentrez&rendertype=abstract
23426929,India,Ganguly S,2013,http://www.pubmedcentral.nih.gov/articlerender.fcgi?artid=3647920&tool=pmcentrez&rendertype=abstract
25405214,India,"Gupta P, Singh R, Khan H, Raza A, Yadavendu V, Bhatt RM, Singh V",2014,http://www.ncbi.nlm.nih.gov/pubmed/?term=25405214
27080771,India,"Sharma J, Soni M, Dutta P, Khan SA, Mahanta J",NA,http://www.ncbi.nlm.nih.gov/pubmed/?term=27080771
27222806,India,"Antony HA, Das S, Parija SC, Padhi S",2016,http://www.ncbi.nlm.nih.gov/pubmed/?term=27222806
517,India,"Antony HA, Das S, Parija SC, Padhi S",2016,http://www.ncbi.nlm.nih.gov/pubmed/?term=27222806
509,India,"Chatterjee M, Ganguly S, Saha P, Guha SK, Basu N, Bera DK, Maji AK",2016,http://www.ncbi.nlm.nih.gov/pubmed/?term=27448953
418,India,"Rao PN, Uplekar S, Kayal S, Mallick PK, Bandyopadhyay N, Kale S, Singh OP, Mohanty A, Mohanty S, Wassmer SC, Carlton JM",2016,http://www.ncbi.nlm.nih.gov/pubmed/?term=27008882
605,India,"Patel P, Bharti PK, Bansal D, Ali NA, Raman RK, Mohapatra PK, Sehgal R, Mahanta J, Sultan AA, Singh N",2017,http://www.ncbi.nlm.nih.gov/pubmed/?term=29192183
760,India,"Kumar A, Singh SP, Bhatt R, Singh V",2019,https://www.ncbi.nlm.nih.gov/pubmed/?term=31791329
716,India,"Das S, Manna S, Saha B, Hati AK, Roy S.",2018,https://www.ncbi.nlm.nih.gov/pubmed/?term=30535043
813,India,"Sabyasachi Das, Amrita Kar, Subhankar Manna, Samaresh Mandal, Sayantani Mandal, Subhasis Das, Bhaskar Saha & Amiya Kumar Hati",2021,https://doi.org/10.1038/s41598-021-89295-0
14740877,Indonesia,SYAFRUDDIN D,2003,http://www.ncbi.nlm.nih.gov/pubmed/14740877
15741554,Indonesia,SYAFRUDDIN D,2005,http://www.ncbi.nlm.nih.gov/pubmed/15741554
15238686,Indonesia,Huaman MC,2004,http://www.ncbi.nlm.nih.gov/pubmed/15238686
17760967,Indonesia,Syafruddin D,2007,http://www.pubmedcentral.nih.gov/articlerender.fcgi?artid=2014775&tool=pmcentrez&rendertype=abstract
19788738,Indonesia,Asih PBS,2009,http://www.pubmedcentral.nih.gov/articlerender.fcgi?artid=2761937&tool=pmcentrez&rendertype=abstract
563,Indonesia,"Reteng P, Vrisca V, Sukarno I, Djarkoni IH, Kalangi JA, Jacobs GE, Runtuwene LR, Eshita Y, Maeda R, Suzuki Y, Mongan AE, Warouw SM, Yamagishi J, Tuda J",2017,http://www.ncbi.nlm.nih.gov/pubmed/?term=28376874
18411325,Indonesia,Mehlotra RK,2008,http://www.pubmedcentral.nih.gov/articlerender.fcgi?artid=2415780&tool=pmcentrez&rendertype=abstract
11672462,Indonesia,Maguire JD,2001,http://www.ncbi.nlm.nih.gov/pubmed/?term=11672462
12875286,Indonesia,Nagesha HS,2003,http://www.ncbi.nlm.nih.gov/pubmed/12875286
22908898,Indonesia,Asih PBS,2012,http://www.pubmedcentral.nih.gov/articlerender.fcgi?artid=3478225&tool=pmcentrez&rendertype=abstract
12803866,Iran,Jafari,2003,http://www.ncbi.nlm.nih.gov/pubmed/12803866
24657918,Iran,Jovel IT,2014,http://www.ncbi.nlm.nih.gov/pubmed/24657918
16490179,Iran,Ursing J,2006,http://www.ncbi.nlm.nih.gov/pubmed/16490179
17999755,Iran,Zakeri S,2007,http://www.pubmedcentral.nih.gov/articlerender.fcgi?artid=2214731&tool=pmcentrez&rendertype=abstract
18385361,Iran,Zakeri S,2008,http://www.ncbi.nlm.nih.gov/pubmed/18385361
22001304,Iran,Afsharpad M,2012,http://www.ncbi.nlm.nih.gov/pubmed/22001304
18411325,Kenya,Mehlotra RK,2008,http://www.pubmedcentral.nih.gov/articlerender.fcgi?artid=2415780&tool=pmcentrez&rendertype=abstract
19450282,Kenya,Mwai L,2009,http://www.pubmedcentral.nih.gov/articlerender.fcgi?artid=2694831&tool=pmcentrez&rendertype=abstract
22096496,Kenya,"Monica Shah, Simon Kariuki, Jodi Vanden Eng, Anna J. Blackstock, Kimberly Garner, Wangeci Gatei, John E. Gimnig, Kim Lindblade, Dianne Terlouw, Feiko ter Kuile, William A. Hawley, Penelope Phillips-Howard, Bernard Nahlen, Edward Walker, Mary J. Hamel, Laurence Slutsker, Ya Ping Shi",2011,http://www.pubmedcentral.nih.gov/articlerender.fcgi?artid=3214025&tool=pmcentrez&rendertype=abstract
16271310,Kenya,Holmgren G,2006,http://www.ncbi.nlm.nih.gov/pubmed/16271310
614,Kenya,"Hemming-Schroeder E, Umukoro E, Lo E, Fung B, TomÃ¡s-Domingo P, Zhou G, Zhong D, Dixit A, Atieli H, Githeko A, Vardo-Zalik A, Yan G.",2018,https://www.ncbi.nlm.nih.gov/pubmed/?term=29363453
26236581,Kenya,Achieng AO,2015,http://www.ncbi.nlm.nih.gov/pubmed/26236581
16154388,Kenya,Severini C,2006,http://www.ncbi.nlm.nih.gov/pubmed/16154388
17033142,Kenya,Menegon M,2006,http://www.iss.it/publ/anna/2006/2/422203.pdf
16569231,Kenya,Cojean S,2006,http://www.pubmedcentral.nih.gov/articlerender.fcgi?artid=1448192&tool=pmcentrez&rendertype=abstract
18671871,Kenya,Zhong D,2008,http://www.pubmedcentral.nih.gov/articlerender.fcgi?artid=2533336&tool=pmcentrez&rendertype=abstract
21106088,Kenya,Spalding MD,2010,http://www.pubmedcentral.nih.gov/articlerender.fcgi?artid=3001743&tool=pmcentrez&rendertype=abstract
19398039,Kenya,Bonizzoni M,2009,http://www.pubmedcentral.nih.gov/articlerender.fcgi?artid=2745398&tool=pmcentrez&rendertype=abstract
25425434,Kenya,"Sagara I, Oduro AR, Mulenga M, Dieng Y, Ogutu B, Tiono AB, Mugyenyi P, Sie A, Wasunna M, Kain KC, Djimdé AA, Sarkar S, Chandra R, Robbins J, Dunne MW",2014,http://www.ncbi.nlm.nih.gov/pubmed/?term=25425434
19187521,Kenya,Thwing JI,2009,http://www.ncbi.nlm.nih.gov/pubmed/19187521
25889220,Kenya,"Shah M, Omosun Y, Lal A, Odero C, Gatei W, Otieno K, Gimnig JE, ter Kuile F, Hawley WA, Nahlen B, Kariuki S, Walker E, Slutsker L, Hamel M, Shi YP",2015,http://www.ncbi.nlm.nih.gov/pubmed/?term=25889220
22641431,Kenya,Mang'era CM,2012,http://www.ncbi.nlm.nih.gov/pubmed/22641431
25395861,Kenya,Akala HM,2014,http://www.ncbi.nlm.nih.gov/pubmed/25395861
23675533,Kenya,Eyase FL,2013,http://www.pubmedcentral.nih.gov/articlerender.fcgi?artid=3652850&tool=pmcentrez&rendertype=abstract
19770282,Kenya,Mwai L,2009,http://www.pubmedcentral.nih.gov/articlerender.fcgi?artid=2786317&tool=pmcentrez&rendertype=abstract
24752268,Kenya,Cheruiyot J,2014,http://www.pubmedcentral.nih.gov/articlerender.fcgi?artid=4068580&tool=pmcentrez&rendertype=abstract
24994911,Kenya,Henriques,2014,http://www.ncbi.nlm.nih.gov/pubmed/24994911
24028570,Kenya,van Schalkwyk DA,2013,http://www.pubmedcentral.nih.gov/articlerender.fcgi?artid=3847303&tool=pmcentrez&rendertype=abstract
26296743,Kenya,Kiarie WC,2015,http://www.ncbi.nlm.nih.gov/pubmed/26296743
423,Kenya,"Zhou RM, Zhang HW, Yang CY, Liu Y, Zhao YL, Li SH, Qian D, Xu BL",2016,http://www.ncbi.nlm.nih.gov/pubmed/?term=27160572
706,Kenya,"Tao Zhang, Xian Xu, Jingjing Jiang, Chen Yu, Cuicui Tian, and Weidong Li",2018,https://www.ncbi.nlm.nih.gov/pubmed/29436339
22208458,Kenya,"Yumiko Saito-Nakano, Kazuyuki Tanabe, Toshihiro Mita",2011,http://www.pubmedcentral.nih.gov/articlerender.fcgi?artid=3309963&tool=pmcentrez&rendertype=abstract
11356518,Kenya,Durand R,2001,http://www.ncbi.nlm.nih.gov/pubmed/11356518
12950663,Lao People's Democratic Republic,Berens N,2003,http://www.ncbi.nlm.nih.gov/pubmed/12950663
17620628,Lao People's Democratic Republic,Mayxay M,2007,http://www.ajtmh.org/content/77/1/36.long
16359407,Lao People's Democratic Republic,Dittrich S,2005,http://www.ncbi.nlm.nih.gov/pubmed/16359407
17297031,Lao People's Democratic Republic,Mayxay M,2007,http://www.ncbi.nlm.nih.gov/pubmed/17297031
715,Lao People's Democratic Republic,"Iwagami M, Tangpukdee N, Wilairatana P, Krudsood S, Dao LD, Nakazawa S, Sinuon M, Socheat D, Yasuoka J, Jimba M, Watanabe H, Kobayashi J, Toma H, Vanisaveth V, Hongvanthong B, Brey PT, Kano S.",2018,https://www.ncbi.nlm.nih.gov/pubmed/?term=30165262
11784432,Lao People's Democratic Republic,Labbé AC,2001,http://www.ncbi.nlm.nih.gov/pubmed/11784432
22453078,Lao People's Democratic Republic,Takahashi N,2012,http://www.pubmedcentral.nih.gov/articlerender.fcgi?artid=3369212&tool=pmcentrez&rendertype=abstract
11181156,Lao People's Democratic Republic,Pillai D,2001,http://www.ncbi.nlm.nih.gov/pubmed/11181156
12625147,Liberia,Checchi F,2002,http://www.ncbi.nlm.nih.gov/pubmed/12625147
504,Liberia,"Otienoburu SD, Maïga-Ascofaré O, Schramm B, Jullien V, Jones JJ, Zolia YM, Houzé P, Ashley EA, Kiechel JR, Guérin PJ, Le Bras J, Houzé S",2016,http://www.ncbi.nlm.nih.gov/pubmed/?term=27596849
423,Liberia,"Zhou RM, Zhang HW, Yang CY, Liu Y, Zhao YL, Li SH, Qian D, Xu BL",2016,http://www.ncbi.nlm.nih.gov/pubmed/?term=27160572
625,Liberia,Feng Lu,2017,https://www.ncbi.nlm.nih.gov/pubmed/28747223
423,Libya,"Zhou RM, Zhang HW, Yang CY, Liu Y, Zhao YL, Li SH, Qian D, Xu BL",2016,http://www.ncbi.nlm.nih.gov/pubmed/?term=27160572
16442577,Madagascar,Randrianarivelojosia M,2007,http://www.ncbi.nlm.nih.gov/pmc/articles/PMC2944659/
16154388,Madagascar,Severini C,2006,http://www.ncbi.nlm.nih.gov/pubmed/16154388
17033142,Madagascar,Menegon M,2006,http://www.iss.it/publ/anna/2006/2/422203.pdf
17556614,Madagascar,Rason MA,2007,http://www.ncbi.nlm.nih.gov/pubmed/17556614
16569231,Madagascar,Cojean S,2006,http://www.pubmedcentral.nih.gov/articlerender.fcgi?artid=1448192&tool=pmcentrez&rendertype=abstract
19704124,Madagascar,Andriantsoanirina V,2009,http://www.pubmedcentral.nih.gov/articlerender.fcgi?artid=2772329&tool=pmcentrez&rendertype=abstract
20967251,Madagascar,Andriantsoanirina V,2010,http://www.pubmedcentral.nih.gov/articlerender.fcgi?artid=2954150&tool=pmcentrez&rendertype=abstract
20439955,Madagascar,Andriantsoanirina V,2010,http://www.pubmedcentral.nih.gov/articlerender.fcgi?artid=2861372&tool=pmcentrez&rendertype=abstract
625,Madagascar,Feng Lu,2017,https://www.ncbi.nlm.nih.gov/pubmed/28747223
706,Madagascar,"Tao Zhang, Xian Xu, Jingjing Jiang, Chen Yu, Cuicui Tian, and Weidong Li",2018,https://www.ncbi.nlm.nih.gov/pubmed/29436339
22208458,Madagascar,"Yumiko Saito-Nakano, Kazuyuki Tanabe, Toshihiro Mita",2011,http://www.pubmedcentral.nih.gov/articlerender.fcgi?artid=3309963&tool=pmcentrez&rendertype=abstract
12375368,Madagascar,Ranson MA,2002,http://www.ncbi.nlm.nih.gov/pubmed/12375368
17553226,Malawi,Juliano JJ,2007,http://www.ncbi.nlm.nih.gov/pubmed/17553226
17556619,Malawi,Nkhoma S,2007,http://www.ncbi.nlm.nih.gov/pubmed/17556619
18270569,Malawi,Bell DJ,2008,http://www.pubmedcentral.nih.gov/articlerender.fcgi?artid=2229666&tool=pmcentrez&rendertype=abstract
20662717,Malawi,Laufer MK,2010,http://www.ncbi.nlm.nih.gov/pmc/articles/PMC3380613/pdf/nihms371461.pdf
19624477,Malawi,Bridges DJ,2009,http://www.ncbi.nlm.nih.gov/pubmed/19624477
22912697,Malawi,Laufer MK,2012,http://www.pubmedcentral.nih.gov/articlerender.fcgi?artid=3422316&tool=pmcentrez&rendertype=abstract
24723474,Malawi,Frosch AEP,2014,http://www.ncbi.nlm.nih.gov/pubmed/24723474
555,Malawi,"Ravenhall M, Benavente ED, Mipando M, Jensen AT, Sutherland CJ, Roper C, Sepúlveda N, Kwiatkowski DP, Montgomery J, Phiri KS, Terlouw A, Craig A, Campino S, Ocholla H, Clark TG",2016,http://www.ncbi.nlm.nih.gov/pubmed/?term=27899115
625,Malawi,Feng Lu,2017,https://www.ncbi.nlm.nih.gov/pubmed/28747223
706,Malawi,"Tao Zhang, Xian Xu, Jingjing Jiang, Chen Yu, Cuicui Tian, and Weidong Li",2018,https://www.ncbi.nlm.nih.gov/pubmed/29436339
14572517,Malaysia,Cox-Singh J,2003,http://www.ncbi.nlm.nih.gov/pubmed/?term=14572517
22853645,Malaysia,Atroosh WM,2012,http://www.pubmedcentral.nih.gov/articlerender.fcgi?artid=3493286&tool=pmcentrez&rendertype=abstract
499,Malaysia,"Norahmad NA, Mohd Abd Razak MR, Abdullah NR, Sastu UR, Imwong M, Muniandy PK, Saat MN, Muhammad A, Jelip J, Tikuson M, Yusof N, Rundi C, Mudin RN, Syed Mohamed AF",2016,http://www.ncbi.nlm.nih.gov/pubmed/?term=27788228
21300016,Mali,Wélé M,2011,http://www.ncbi.nlm.nih.gov/pubmed/21300016
16154388,Mali,Severini C,2006,http://www.ncbi.nlm.nih.gov/pubmed/16154388
17033142,Mali,Menegon M,2006,http://www.iss.it/publ/anna/2006/2/422203.pdf
20041947,Mali,Djimdé AA,2011,http://www.ncbi.nlm.nih.gov/pmc/articles/PMC3050054/pdf/nihms165707.pdf
19245687,Mali,"Tekete M, Djimde AA, Beavogui AH, Maiga H, Sagara I, Fofana B, Ouologuem D, Dama S, Kone A, Dembele D, Wele M, Dicko A, Doumbo OK",2009,http://www.ncbi.nlm.nih.gov/pubmed/?term=19245687
16569231,Mali,Cojean S,2006,http://www.pubmedcentral.nih.gov/articlerender.fcgi?artid=1448192&tool=pmcentrez&rendertype=abstract
18337343,Mali,Djimdé AA,2008,http://www.ncbi.nlm.nih.gov/pubmed/18337343
20439955,Mali,Andriantsoanirina V,2010,http://www.pubmedcentral.nih.gov/articlerender.fcgi?artid=2861372&tool=pmcentrez&rendertype=abstract
25425434,Mali,"Sagara I, Oduro AR, Mulenga M, Dieng Y, Ogutu B, Tiono AB, Mugyenyi P, Sie A, Wasunna M, Kain KC, Djimdé AA, Sarkar S, Chandra R, Robbins J, Dunne MW",2014,http://www.ncbi.nlm.nih.gov/pubmed/?term=25425434
23893800,Mali,Doumbo S,2013,http://www.ncbi.nlm.nih.gov/pubmed/23893800
500,Mali,"Maiga H, Lasry E, Diarra M, Sagara I, Bamadio A, Traore A, Coumare S, Bahonan S, Sangare B, Dicko Y, Diallo N, Tembely A, Traore D, Niangaly H, Dao F, Haidara A, Dicko A, Doumbo OK, Djimde AA",NA,http://www.ncbi.nlm.nih.gov/pubmed/?term=27662368
572,Mali,"Diawara F, Steinhardt LC, Mahamar A, Traore T, Kone DT, Diawara H, Kamate B, Kone D, Diallo M, Sadou A, Mihigo J, Sagara I, Djimde AA, Eckert E, Dicko A",2017,http://www.ncbi.nlm.nih.gov/pubmed/?term=28797263
558,Mali,"Dama S, Niangaly H, Ouattara A, Sagara I, Sissoko S, Traore OB, Bamadio A, Dara N, Djimde M, Alhousseini ML, Goita S, Maiga H, Dara A, Doumbo OK, Djimde AA",2017,http://www.ncbi.nlm.nih.gov/pubmed/?term=28148267
803,Mali,"Mahamar A, Sumner KM, Levitt B, Freedman B, Traore A, Barry A, Issiaka D, Dembele AB, Kanoute MB, Attaher O, Diarra BN, Sagara I, Djimde A, Duffy PE, Fried M, Taylor SM, Dicko A.",2022,https://pubmed.ncbi.nlm.nih.gov/35135546/
423,Mali,"Zhou RM, Zhang HW, Yang CY, Liu Y, Zhao YL, Li SH, Qian D, Xu BL",2016,http://www.ncbi.nlm.nih.gov/pubmed/?term=27160572
766,Mali,"Diakit SAS, Traor K, Sanogo I, Clark TG, Campino S, Sangar M, Dabitao D, Dara A, Konat DS, Doucour F, Ciss A, Keita B, Doumbouya M, Guindo MA, Toure MB, Sogoba N, Doumbia S, Awandare GA, Diakit M.",2019,https://www.ncbi.nlm.nih.gov/pubmed/?term=31718631
11172152,Mali,Djimdé A,2001,http://www.ncbi.nlm.nih.gov/pubmed/?term=11172152
11356518,Mali,Durand R,2001,http://www.ncbi.nlm.nih.gov/pubmed/11356518
15272415,Mali,Djimdé AA,2004,http://www.ncbi.nlm.nih.gov/pubmed/15272415
16569231,Mauritania,Cojean S,2006,http://www.pubmedcentral.nih.gov/articlerender.fcgi?artid=1448192&tool=pmcentrez&rendertype=abstract
20439955,Mauritania,Andriantsoanirina V,2010,http://www.pubmedcentral.nih.gov/articlerender.fcgi?artid=2861372&tool=pmcentrez&rendertype=abstract
564,Mauritania,"Ould Ahmedou Salem MS, Mint Lekweiry K, Bouchiba H, Pascual A, Pradines B, Ould Mohamed Salem Boukhary A, Briolant S, Basco LK, Bogreau H",2017,http://www.ncbi.nlm.nih.gov/pubmed/?term=28381273
22208458,Mauritania,"Yumiko Saito-Nakano, Kazuyuki Tanabe, Toshihiro Mita",2011,http://www.pubmedcentral.nih.gov/articlerender.fcgi?artid=3309963&tool=pmcentrez&rendertype=abstract
12479542,Mauritania,Jelinek T,2002,http://www.ncbi.nlm.nih.gov/pubmed/12479542
11356518,Mauritania,Durand R,2001,http://www.ncbi.nlm.nih.gov/pubmed/11356518
18590577,Mozambique,Enosse S,2008,http://www.pubmedcentral.nih.gov/articlerender.fcgi?artid=2481262&tool=pmcentrez&rendertype=abstract
16154388,Mozambique,Severini C,2006,http://www.ncbi.nlm.nih.gov/pubmed/16154388
17033142,Mozambique,Menegon M,2006,http://www.iss.it/publ/anna/2006/2/422203.pdf
22022487,Mozambique,"Jaishree Raman, Katya Mauff, Pedro Muianga, Abdul Mussa, Rajendra Maharaj, Karen I. Barnes",2011,http://www.pubmedcentral.nih.gov/articlerender.fcgi?artid=3195082&tool=pmcentrez&rendertype=abstract
23382159,Mozambique,Thomsen TT,2013,http://www.ncbi.nlm.nih.gov/pubmed/23382159
625,Mozambique,Feng Lu,2017,https://www.ncbi.nlm.nih.gov/pubmed/28747223
566,Mozambique,"Galatas B, Nhamussua L, Candrinho B, Mabote L, Cisteró P, Gupta H, Rabinovich R, Menéndez C, Macete E, Saute F, Mayor A, Alonso P, Bassat Q, Aide P",2017,http://www.ncbi.nlm.nih.gov/pubmed/?term=28465550
423,Mozambique,"Zhou RM, Zhang HW, Yang CY, Liu Y, Zhao YL, Li SH, Qian D, Xu BL",2016,http://www.ncbi.nlm.nih.gov/pubmed/?term=27160572
706,Mozambique,"Tao Zhang, Xian Xu, Jingjing Jiang, Chen Yu, Cuicui Tian, and Weidong Li",2018,https://www.ncbi.nlm.nih.gov/pubmed/29436339
20439955,Mozambique,Andriantsoanirina V,2010,http://www.pubmedcentral.nih.gov/articlerender.fcgi?artid=2861372&tool=pmcentrez&rendertype=abstract
556,Myanmar,"Zeng W, Bai Y, Wang M, Wang Z, Deng S, Ruan Y, Feng S, Yang Z, Cui L",2017,http://www.ncbi.nlm.nih.gov/pubmed/?term=27919892
22898135,Myanmar,"Fang Huang, Linhua Tang, Henglin Yang, Shuisen Zhou, Xiaodong Sun, Hui Liu",2012,http://www.pubmedcentral.nih.gov/articlerender.fcgi?artid=3492106&tool=pmcentrez&rendertype=abstract
20643902,Myanmar,Meng H,2010,http://www.pubmedcentral.nih.gov/articlerender.fcgi?artid=2944579&tool=pmcentrez&rendertype=abstract
22992214,Myanmar,Brown T,2012,http://www.pubmedcentral.nih.gov/articlerender.fcgi?artid=3518194&tool=pmcentrez&rendertype=abstract
799,Myanmar,"Ye R, Zhang Y, Zhang D.",2022,https://pubmed.ncbi.nlm.nih.gov/35413937/
27084511,Myanmar,"Lo E, Nguyen J, Oo W, Hemming-Schroeder E, Zhou G, Yang Z, Cui L, Yan G",2016,http://www.ncbi.nlm.nih.gov/pubmed/?term=27084511
762,Myanmar,"Zhao Y, Liu Z, Soe MT, Wang L, Soe TN, Wei H, Than A, Aung PL, Li Y, Zhang X, Hu Y, Wei H, Zhang Y, Burgess J, Siddiqui FA, Menezes L, Wang Q, Kyaw MP, Cao Y, Cui L.",2019,https://www.ncbi.nlm.nih.gov/pubmed/?term=31505774
21457533,Nepal,Ranjitkar S,2011,http://www.pubmedcentral.nih.gov/articlerender.fcgi?artid=3080351&tool=pmcentrez&rendertype=abstract
807,Nicaragua,"Fontecha G, Pinto A, Archaga O, Betancourth S, Escober L, Henríquez J, Valdivia HO, Montoya A, Mejía RE.",2021,https://pubmed.ncbi.nlm.nih.gov/34906144/
16154388,Niger,Severini C,2006,http://www.ncbi.nlm.nih.gov/pubmed/16154388
17033142,Niger,Menegon M,2006,http://www.iss.it/publ/anna/2006/2/422203.pdf
17409009,Niger,Ibrahim ML,2007,http://www.ncbi.nlm.nih.gov/pubmed/17409009
20439955,Niger,Andriantsoanirina V,2010,http://www.pubmedcentral.nih.gov/articlerender.fcgi?artid=2861372&tool=pmcentrez&rendertype=abstract
706,Niger,"Tao Zhang, Xian Xu, Jingjing Jiang, Chen Yu, Cuicui Tian, and Weidong Li",2018,https://www.ncbi.nlm.nih.gov/pubmed/29436339
16154388,Nigeria,Severini C,2006,http://www.ncbi.nlm.nih.gov/pubmed/16154388
17033142,Nigeria,Menegon M,2006,http://www.iss.it/publ/anna/2006/2/422203.pdf
16569231,Nigeria,Cojean S,2006,http://www.pubmedcentral.nih.gov/articlerender.fcgi?artid=1448192&tool=pmcentrez&rendertype=abstract
22302850,Nigeria,Gbotosho GO,2012,http://www.pubmedcentral.nih.gov/articlerender.fcgi?artid=3269269&tool=pmcentrez&rendertype=abstract
16874478,Nigeria,Happi CT,2006,http://www.ncbi.nlm.nih.gov/pubmed/16874478
16837724,Nigeria,Happi CT,2006,http://www.ncbi.nlm.nih.gov/pubmed/16837724
19953193,Nigeria,Folarin OA,2008,http://www.ncbi.nlm.nih.gov/pmc/articles/PMC2785046/pdf/nihms75070.pdf
17428334,Nigeria,Ojurongbe O,2007,http://www.pubmedcentral.nih.gov/articlerender.fcgi?artid=1855061&tool=pmcentrez&rendertype=abstract
18399317,Nigeria,Tatfeng YM,2008,http://www.ncbi.nlm.nih.gov/pubmed/18399317
21120702,Nigeria,Ojurongbe O,2010,http://www.ncbi.nlm.nih.gov/pubmed/21120702
25928117,Nigeria,Oladipo OO,2015,http://www.ncbi.nlm.nih.gov/pubmed/25928117
596,Nigeria,"Balogun ST, Sandabe UK, Bdliya DN, Adedeji WA, Okon KO, Fehintola FA",2015,http://www.ncbi.nlm.nih.gov/pubmed/?term=27031449
26808627,Nigeria,"Agomo CO, Oyibo WA, Sutherland C, Hallet R, Oguike M",2016,http://www.ncbi.nlm.nih.gov/pubmed/?term=26808627
24028570,Nigeria,van Schalkwyk DA,2013,http://www.pubmedcentral.nih.gov/articlerender.fcgi?artid=3847303&tool=pmcentrez&rendertype=abstract
625,Nigeria,Feng Lu,2017,https://www.ncbi.nlm.nih.gov/pubmed/28747223
423,Nigeria,"Zhou RM, Zhang HW, Yang CY, Liu Y, Zhao YL, Li SH, Qian D, Xu BL",2016,http://www.ncbi.nlm.nih.gov/pubmed/?term=27160572
627,Nigeria,Kolapo Muyiwa Oyebola,2018,https://www.ncbi.nlm.nih.gov/pubmed/?term=30103683
763,Nigeria,"Idowu A.O, Oyibo W.A, Bhattacharyya S, Khubbar M, Mendie U.E, Bumah V.V, Black C, Igietseme J, Azenabor A.A",2019,https://www.ncbi.nlm.nih.gov/pubmed/?term=31533729
706,Nigeria,"Tao Zhang, Xian Xu, Jingjing Jiang, Chen Yu, Cuicui Tian, and Weidong Li",2018,https://www.ncbi.nlm.nih.gov/pubmed/29436339
12641402,Nigeria,May J,2003,http://www.ncbi.nlm.nih.gov/pubmed/12641402
22208458,Nigeria,"Yumiko Saito-Nakano, Kazuyuki Tanabe, Toshihiro Mita",2011,http://www.pubmedcentral.nih.gov/articlerender.fcgi?artid=3309963&tool=pmcentrez&rendertype=abstract
19706926,Pakistan,Khatoon L,2009,http://www.ncbi.nlm.nih.gov/pubmed/?term=19706926
21272384,Pakistan,Ghanchi NK,2011,http://www.pubmedcentral.nih.gov/articlerender.fcgi?artid=3037930&tool=pmcentrez&rendertype=abstract
26623432,Pakistan,"Sahar S, Tanveer A, Ali A, Bilal H, Muhammad Saleem R",2015,http://www.ncbi.nlm.nih.gov/pubmed/?term=26623432
23988011,Pakistan,Khattak AA,2013,http://www.pubmedcentral.nih.gov/articlerender.fcgi?artid=3765786&tool=pmcentrez&rendertype=abstract
21699697,Pakistan,Howard N,2011,http://www.pubmedcentral.nih.gov/articlerender.fcgi?artid=3132200&tool=pmcentrez&rendertype=abstract
595,Panama,"Obaldia N, Baro NK, Calzada JE, Santamaria AM, Daniels R, Wong W, Chang HH, Hamilton EJ, Arevalo-Herrera M, Herrera S, Wirth DF, Hartl DL, Marti M, Volkman SK",2015,http://www.ncbi.nlm.nih.gov/pubmed/?term=25336725
14576108,Papua New Guinea,Chen N,2003,http://www.ncbi.nlm.nih.gov/pubmed/?term=14576108
18411325,Papua New Guinea,Mehlotra RK,2008,http://www.pubmedcentral.nih.gov/articlerender.fcgi?artid=2415780&tool=pmcentrez&rendertype=abstract
12875286,Papua New Guinea,Nagesha HS,2003,http://www.ncbi.nlm.nih.gov/pubmed/12875286
16890903,Papua New Guinea,Chan CW,2006,http://www.ncbi.nlm.nih.gov/pubmed/16890903
20053293,Papua New Guinea,Marfurt J,2010,http://www.pubmedcentral.nih.gov/articlerender.fcgi?artid=2820042&tool=pmcentrez&rendertype=abstract
17376240,Papua New Guinea,DaRe JT,2007,http://www.pubmedcentral.nih.gov/articlerender.fcgi?artid=1838424&tool=pmcentrez&rendertype=abstract
17121999,Papua New Guinea,Carnevale EP,2007,http://www.pubmedcentral.nih.gov/articlerender.fcgi?artid=1829096&tool=pmcentrez&rendertype=abstract
16620743,Papua New Guinea,Mita T,2006,http://www.ncbi.nlm.nih.gov/pubmed/16620743
22453078,Papua New Guinea,Takahashi N,2012,http://www.pubmedcentral.nih.gov/articlerender.fcgi?artid=3369212&tool=pmcentrez&rendertype=abstract
18423045,Papua New Guinea,Marfurt J,2008,http://www.pubmedcentral.nih.gov/articlerender.fcgi?artid=2377269&tool=pmcentrez&rendertype=abstract
405,Papua New Guinea,"Barnadas C, Timinao L, Javati S, Iga J, Malau E, Koepfli C, Robinson LJ, Senn N, Kiniboro B, Rare L, Reeder JC, Siba PM, Zimmerman PA, Karunajeewa H, Davis TM, Mueller I",2015,http://www.ncbi.nlm.nih.gov/pubmed/?term=26452541
21078925,Papua New Guinea,Wong RPM,2011,http://www.pubmedcentral.nih.gov/articlerender.fcgi?artid=3028775&tool=pmcentrez&rendertype=abstract
592,Papua New Guinea,"Barnadas C, Senn N, Iga J, Timinao L, Javati S, Malau E, Rarau P, Reeder JC, Siba P, Karunajeewa H, Zimmerman PA, Davis TM, Mueller I",2014,http://www.ncbi.nlm.nih.gov/pubmed/?term=25155586
708,Papua New Guinea,"Sekihara M, Tachibana SI, Yamauchi M, Yatsushiro S, Tiwara S, Fukuda N, Ikeda M, Mori T, Hirai M, Hombhanje F, Mita T.",2018,https://www.ncbi.nlm.nih.gov/pubmed/30477515
18840753,Papua New Guinea,Saito-Nakano Y,2008,http://www.ncbi.nlm.nih.gov/pubmed/18840753
11675500,Papua New Guinea,Mehlotra RV,2001,http://www.pubmedcentral.nih.gov/articlerender.fcgi?artid=60115&tool=pmcentrez&rendertype=abstract
15216481,Peru,Vieira PP,2004,http://www.ncbi.nlm.nih.gov/pubmed/15216481
19258269,Peru,Bacon DJ,2009,http://www.pubmedcentral.nih.gov/articlerender.fcgi?artid=2681566&tool=pmcentrez&rendertype=abstract
25897626,Peru,Baldeviano GC,2015,http://www.ncbi.nlm.nih.gov/pubmed/25897626
15155976,Peru,Huaman MC,2004,http://www.ncbi.nlm.nih.gov/pubmed/15155976
19567229,Philippines,Hatabu T,2009,http://www.ncbi.nlm.nih.gov/pubmed/19567229
808,Philippines,"Bareng APN, Grignard L, Reyes R, Fornace K, Spencer F, Macalinao ML, Luchavez J, Espino FE, Drakeley C, Hafalla JCR.",2022,https://pubmed.ncbi.nlm.nih.gov/34883232/
22453078,Philippines,Takahashi N,2012,http://www.pubmedcentral.nih.gov/articlerender.fcgi?artid=3369212&tool=pmcentrez&rendertype=abstract
18840753,Philippines,Saito-Nakano Y,2008,http://www.ncbi.nlm.nih.gov/pubmed/18840753
626,Qatar,Anushree Acharya,2018,https://www.ncbi.nlm.nih.gov/pubmed/?term=29125042
16154388,Rwanda,Severini C,2006,http://www.ncbi.nlm.nih.gov/pubmed/16154388
17033142,Rwanda,Menegon M,2006,http://www.iss.it/publ/anna/2006/2/422203.pdf
21996622,Rwanda,Zeile I,2012,http://www.ncbi.nlm.nih.gov/pubmed/21996622
17313506,Sao Tome and Principe,Ferreira ID,2007,http://www.ncbi.nlm.nih.gov/pubmed/17313506
20427933,Saudi Arabia,Bin Dajem SM,2010,http://www.pubmedcentral.nih.gov/articlerender.fcgi?artid=2886867&tool=pmcentrez&rendertype=abstract
21350795,Saudi Arabia,Bin Dajem SM,2011,http://www.ncbi.nlm.nih.gov/pubmed/21350795
22706959,Senegal,Ly O,2012,http://www.ncbi.nlm.nih.gov/pubmed/22706959
12201579,Senegal,Thomas SM,2002,http://www.ncbi.nlm.nih.gov/pubmed/12201579
15986248,Senegal,Sarr O,2005,http://www.ncbi.nlm.nih.gov/pubmed/?term=15986248
18682531,Senegal,Niang M,2008,http://www.ncbi.nlm.nih.gov/pubmed/18682531
15814601,Senegal,Bertin G,2005,http://www.ncbi.nlm.nih.gov/pubmed/15814601
16837722,Senegal,Henry M,2006,http://www.ncbi.nlm.nih.gov/pubmed/16837722
16154388,Senegal,Severini C,2006,http://www.ncbi.nlm.nih.gov/pubmed/16154388
17033142,Senegal,Menegon M,2006,http://www.iss.it/publ/anna/2006/2/422203.pdf
18523801,Senegal,Sarr O,2008,http://www.pubmedcentral.nih.gov/articlerender.fcgi?artid=2583234&tool=pmcentrez&rendertype=abstract
16569231,Senegal,Cojean S,2006,http://www.pubmedcentral.nih.gov/articlerender.fcgi?artid=1448192&tool=pmcentrez&rendertype=abstract
20439955,Senegal,Andriantsoanirina V,2010,http://www.pubmedcentral.nih.gov/articlerender.fcgi?artid=2861372&tool=pmcentrez&rendertype=abstract
25425434,Senegal,"Sagara I, Oduro AR, Mulenga M, Dieng Y, Ogutu B, Tiono AB, Mugyenyi P, Sie A, Wasunna M, Kain KC, Djimdé AA, Sarkar S, Chandra R, Robbins J, Dunne MW",2014,http://www.ncbi.nlm.nih.gov/pubmed/?term=25425434
20352101,Senegal,Bob NS,2010,http://www.pubmedcentral.nih.gov/articlerender.fcgi?artid=2843705&tool=pmcentrez&rendertype=abstract
23617576,Senegal,Lo AC,2013,http://www.pubmedcentral.nih.gov/articlerender.fcgi?artid=3652725&tool=pmcentrez&rendertype=abstract
22927495,Senegal,Ndiaye M,2012,http://www.pubmedcentral.nih.gov/articlerender.fcgi?artid=3516312&tool=pmcentrez&rendertype=abstract
23510258,Senegal,Fall B,2013,http://www.pubmedcentral.nih.gov/articlerender.fcgi?artid=3606842&tool=pmcentrez&rendertype=abstract
505,Senegal,"Mbaye A, Dieye B, Ndiaye YD, Bei AK, Muna A, Deme AB, Yade MS, Diongue K, Gaye A, Ndiaye IM, Ndiaye T, Sy M, Diallo MA, Badiane AS, Ndiaye M, Seck MC, Sy N, Koita O, Krogstad DJ, Nwakanma D, Ndiaye D",2016,http://www.ncbi.nlm.nih.gov/pubmed/?term=27562216
570,Senegal,"Mbaye A, Gaye A, Dieye B, Ndiaye YD, Bei AK, Affara M, Deme AB, Yade MS, Diongue K, Ndiaye IM, Ndiaye T, Sy M, Sy N, Koita O, Krogstad DJ, Volkman S, Nwakanma D, Ndiaye D",2017,http://www.ncbi.nlm.nih.gov/pubmed/?term=28615016
515,Senegal,"Boussaroque A, Fall B, Madamet M, Wade KA, Fall M, Nakoulima A, Fall KB, Dionne P, Benoit N, Diatta B, Diemé Y, Wade B, Pradines B",2016,http://www.ncbi.nlm.nih.gov/pubmed/?term=27387549
17206274,Senegal,Noranate N,2007,http://www.pubmedcentral.nih.gov/articlerender.fcgi?artid=1764034&tool=pmcentrez&rendertype=abstract
11356518,Senegal,Durand R,2001,http://www.ncbi.nlm.nih.gov/pubmed/11356518
16154388,Sierra Leone,Severini C,2006,http://www.ncbi.nlm.nih.gov/pubmed/16154388
17033142,Sierra Leone,Menegon M,2006,http://www.iss.it/publ/anna/2006/2/422203.pdf
625,Sierra Leone,Feng Lu,2017,https://www.ncbi.nlm.nih.gov/pubmed/28747223
423,Sierra Leone,"Zhou RM, Zhang HW, Yang CY, Liu Y, Zhao YL, Li SH, Qian D, Xu BL",2016,http://www.ncbi.nlm.nih.gov/pubmed/?term=27160572
706,Sierra Leone,"Tao Zhang, Xian Xu, Jingjing Jiang, Chen Yu, Cuicui Tian, and Weidong Li",2018,https://www.ncbi.nlm.nih.gov/pubmed/29436339
14576108,Solomon Islands,Chen N,2003,http://www.ncbi.nlm.nih.gov/pubmed/?term=14576108
20925934,Solomon Islands,Ballif M,2010,http://www.pubmedcentral.nih.gov/articlerender.fcgi?artid=2959069&tool=pmcentrez&rendertype=abstract
779,South Africa,"Raman J, Kagoro FM, Mabuza A, Malatje G, Reid A, Frean J, Barnes KI.",2019,https://pubmed.ncbi.nlm.nih.gov/31438951/
16154388,South Africa,Severini C,2006,http://www.ncbi.nlm.nih.gov/pubmed/16154388
17033142,South Africa,Menegon M,2006,http://www.iss.it/publ/anna/2006/2/422203.pdf
23272998,South Africa,Vaughan-Williams CH,2012,http://www.pubmedcentral.nih.gov/articlerender.fcgi?artid=3544602&tool=pmcentrez&rendertype=abstract
625,South Africa,Feng Lu,2017,https://www.ncbi.nlm.nih.gov/pubmed/28747223
22208458,South Africa,"Yumiko Saito-Nakano, Kazuyuki Tanabe, Toshihiro Mita",2011,http://www.pubmedcentral.nih.gov/articlerender.fcgi?artid=3309963&tool=pmcentrez&rendertype=abstract
13677373,South Sudan,Ochong EO,2003,http://www.ncbi.nlm.nih.gov/pubmed/13677373
761,South Sudan,"Bakhiet AMA, Abdelraheem MH, Kheir A, Omer S, Gismelseed L, Abdel-Muhsin AA, Naiem A, Al Hosni A, Al Dhuhli A, Al Rubkhi M, Al-Hamidhi S, Gadalla A, Mukhtar M, Sultan AA, Babiker HA.",2019,https://www.ncbi.nlm.nih.gov/pubmed/31369106
24028570,South Sudan,van Schalkwyk DA,2013,http://www.pubmedcentral.nih.gov/articlerender.fcgi?artid=3847303&tool=pmcentrez&rendertype=abstract
625,South Sudan,Feng Lu,2017,https://www.ncbi.nlm.nih.gov/pubmed/28747223
706,South sudan,"Tao Zhang, Xian Xu, Jingjing Jiang, Chen Yu, Cuicui Tian, and Weidong Li",2018,https://www.ncbi.nlm.nih.gov/pubmed/29436339
15031793,Sudan,Abdel-Muhsin AMA,2004,http://www.ncbi.nlm.nih.gov/pubmed/15031793
16171768,Sudan,Tagelsir N,2006,http://www.ncbi.nlm.nih.gov/pubmed/16171768
17693716,Sudan,A-Elbasit IE,2007,http://www.ncbi.nlm.nih.gov/pubmed/17693716
16336938,Sudan,Giha HA,2006,http://www.ncbi.nlm.nih.gov/pubmed/16336938
14641841,Sudan,Anderson TJC,2003,http://www.ncbi.nlm.nih.gov/pubmed/14641841
16690361,Sudan,Osman ME,2007,http://www.ncbi.nlm.nih.gov/pubmed/16690361
18373107,Sudan,A-Elbasit IE,2008,http://www.ncbi.nlm.nih.gov/pubmed/18373107
15869770,Sudan,Hamour S,2005,http://www.ncbi.nlm.nih.gov/pubmed/15869770
20682863,Sudan,Menegon M,2010,http://www.pubmedcentral.nih.gov/articlerender.fcgi?artid=2911166&tool=pmcentrez&rendertype=abstract
20226032,Sudan,Gadalla NB,2010,http://www.pubmedcentral.nih.gov/articlerender.fcgi?artid=2848148&tool=pmcentrez&rendertype=abstract
23870667,Sudan,Gadalla NB,2013,http://www.pubmedcentral.nih.gov/articlerender.fcgi?artid=3720549&tool=pmcentrez&rendertype=abstract
761,Sudan,"Bakhiet AMA, Abdelraheem MH, Kheir A, Omer S, Gismelseed L, Abdel-Muhsin AA, Naiem A, Al Hosni A, Al Dhuhli A, Al Rubkhi M, Al-Hamidhi S, Gadalla A, Mukhtar M, Sultan AA, Babiker HA.",2019,https://www.ncbi.nlm.nih.gov/pubmed/31369106
625,Sudan,Feng Lu,2017,https://www.ncbi.nlm.nih.gov/pubmed/28747223
423,Sudan,"Zhou RM, Zhang HW, Yang CY, Liu Y, Zhao YL, Li SH, Qian D, Xu BL",2016,http://www.ncbi.nlm.nih.gov/pubmed/?term=27160572
782,Sudan,"Mohamed AO, Hussien M, Mohamed A, Suliman A, Elkando NS, Abdelbagi H, Malik EM, Abdelraheem MH, Hamid MMA.",2020,https://pubmed.ncbi.nlm.nih.gov/32070355/
16282289,Suriname,Peek R,2005,http://www.ncbi.nlm.nih.gov/pubmed/16282289
17609321,Suriname,Keen J,2007,http://www.pubmedcentral.nih.gov/articlerender.fcgi?artid=2045286&tool=pmcentrez&rendertype=abstract
23836573,Suriname,Adhin MR,2013,http://www.ncbi.nlm.nih.gov/pubmed/23836573
363,Suriname,Adhin MR,2014,http://www.pubmedcentral.nih.gov/articlerender.fcgi?artid=4015718&tool=pmcentrez&rendertype=abstract
589,Suriname,"Chenet SM, Okoth SA, Kelley J, Lucchi N, Huber CS, Vreden S, Macedo de Oliveira A, Barnwell JW, Udhayakumar V, Adhin MR",2017,http://www.ncbi.nlm.nih.gov/pubmed/?term=28438929
20199676,Swaziland,Dlamini SV,2010,http://www.pubmedcentral.nih.gov/articlerender.fcgi?artid=2845184&tool=pmcentrez&rendertype=abstract
16154388,Tanzania,Severini C,2006,http://www.ncbi.nlm.nih.gov/pubmed/16154388
16703518,Tanzania,Alifrangis M,2006,http://www.ncbi.nlm.nih.gov/pubmed/16703518
17033142,Tanzania,Menegon M,2006,http://www.iss.it/publ/anna/2006/2/422203.pdf
17467344,Tanzania,Holmgren G,2007,http://www.ncbi.nlm.nih.gov/pubmed/17467344
16163624,Tanzania,Mårtensson A,2005,http://www.ncbi.nlm.nih.gov/pubmed/16163624
15717281,Tanzania,Sisowath C,2005,http://www.ncbi.nlm.nih.gov/pubmed/15717281
19346369,Tanzania,Alifrangis M,2009,http://www.ajtmh.org/content/80/4/523.long
17194834,Tanzania,Humphreys GS,2007,http://www.pubmedcentral.nih.gov/articlerender.fcgi?artid=1803116&tool=pmcentrez&rendertype=abstract
19210165,Tanzania,Sisowath C,2009,http://www.pubmedcentral.nih.gov/articlerender.fcgi?artid=2718568&tool=pmcentrez&rendertype=abstract
25890383,Tanzania,Gadalla N,2015,http://www.ncbi.nlm.nih.gov/pubmed/25890383
25917493,Tanzania,Morris U,2015,http://www.ncbi.nlm.nih.gov/pubmed/25917493
17224049,Tanzania,Schönfeld M,2007,http://www.pubmedcentral.nih.gov/articlerender.fcgi?artid=1781949&tool=pmcentrez&rendertype=abstract
624,Tanzania,Richard Mwaiswelo,2017,https://www.ncbi.nlm.nih.gov/pubmed/28829723
21410954,Tanzania,Ngasala B,2011,http://www.pubmedcentral.nih.gov/articlerender.fcgi?artid=3065443&tool=pmcentrez&rendertype=abstract
19624477,Tanzania,Bridges DJ,2009,http://www.ncbi.nlm.nih.gov/pubmed/19624477
24657918,Tanzania,Jovel IT,2014,http://www.ncbi.nlm.nih.gov/pubmed/24657918
21427394,Tanzania,Ngasala BE,2011,http://www.ncbi.nlm.nih.gov/pubmed/21427394
23506218,Tanzania,Malmberg M,2013,http://www.pubmedcentral.nih.gov/articlerender.fcgi?artid=3732084&tool=pmcentrez&rendertype=abstract
22966778,Tanzania,Fröberg G,2012,http://www.pubmedcentral.nih.gov/articlerender.fcgi?artid=3468380&tool=pmcentrez&rendertype=abstract
23510231,Tanzania,Morris U,2013,http://www.pubmedcentral.nih.gov/articlerender.fcgi?artid=3605315&tool=pmcentrez&rendertype=abstract
22118982,Tanzania,Kamugisha E,2012,http://www.ncbi.nlm.nih.gov/pubmed/22118982
24225406,Tanzania,Mohammed A,2013,http://www.pubmedcentral.nih.gov/articlerender.fcgi?artid=3830541&tool=pmcentrez&rendertype=abstract
22369089,Tanzania,"Erasmus Kamugisha, Sun Jing, Mercy Minde, Johaness Kataraihya, Gilbert Kongola, Fred Kironde,Göte Swedberg",2012,http://www.malariajournal.com/content/11/1/58
26152336,Tanzania,Golassa L,2015,http://www.ncbi.nlm.nih.gov/pubmed/26152336
625,Tanzania,Feng Lu,2017,https://www.ncbi.nlm.nih.gov/pubmed/28747223
481,Tanzania,"Mwaiswelo R, Ngasala B, Jovel I, Aydin-Schmidt B, Gosling R, Premji Z, Mmbando B, Björkman A, Mårtensson A",2016,http://www.ncbi.nlm.nih.gov/pubmed/?term=27565897
423,Tanzania,"Zhou RM, Zhang HW, Yang CY, Liu Y, Zhao YL, Li SH, Qian D, Xu BL",2016,http://www.ncbi.nlm.nih.gov/pubmed/?term=27160572
706,Tanzania,"Tao Zhang, Xian Xu, Jingjing Jiang, Chen Yu, Cuicui Tian, and Weidong Li",2018,https://www.ncbi.nlm.nih.gov/pubmed/29436339
794,Tanzania,"Bwire GM, Ngasala B, Mikomangwa WP, Kilonzi M, Kamuhabwa AAR.",2020,https://pubmed.ncbi.nlm.nih.gov/32103124/
22208458,Tanzania,"Yumiko Saito-Nakano, Kazuyuki Tanabe, Toshihiro Mita",2011,http://www.pubmedcentral.nih.gov/articlerender.fcgi?artid=3309963&tool=pmcentrez&rendertype=abstract
12798014,Tanzania,Schneider AG,2002,http://www.ncbi.nlm.nih.gov/pubmed/12798014
715,Thailand,"Iwagami M, Tangpukdee N, Wilairatana P, Krudsood S, Dao LD, Nakazawa S, Sinuon M, Socheat D, Yasuoka J, Jimba M, Watanabe H, Kobayashi J, Toma H, Vanisaveth V, Hongvanthong B, Brey PT, Kano S.",2018,https://www.ncbi.nlm.nih.gov/pubmed/?term=30165262
16024377,Thailand,Nash D,2005,http://www.pubmedcentral.nih.gov/articlerender.fcgi?artid=1559806&tool=pmcentrez&rendertype=abstract
16045457,Thailand,Congpuong K,2005,http://www.ncbi.nlm.nih.gov/pubmed/16045457
20449753,Thailand,Mungthin M,2010,http://www.ncbi.nlm.nih.gov/pubmed/20449753
22453078,Thailand,Takahashi N,2012,http://www.pubmedcentral.nih.gov/articlerender.fcgi?artid=3369212&tool=pmcentrez&rendertype=abstract
21320353,Thailand,Chaijaroenkul W,2011,http://www.pubmedcentral.nih.gov/articlerender.fcgi?artid=3055224&tool=pmcentrez&rendertype=abstract
18950599,Thailand,Rungsihirunrat K,2009,http://www.ncbi.nlm.nih.gov/pubmed/18950599
21633513,Thailand,Veiga MI,2011,http://www.pubmedcentral.nih.gov/articlerender.fcgi?artid=3102103&tool=pmcentrez&rendertype=abstract
24657918,Thailand,Jovel IT,2014,http://www.ncbi.nlm.nih.gov/pubmed/24657918
19879850,Thailand,Chaijaroenkul W,2010,http://www.ncbi.nlm.nih.gov/pubmed/19879850
19641202,Thailand,Dondorp AM,2009,http://www.nejm.org/doi/full/10.1056/NEJMoa0808859
20421395,Thailand,Imwong M,2010,http://www.pubmedcentral.nih.gov/articlerender.fcgi?artid=2897287&tool=pmcentrez&rendertype=abstract
24670242,Thailand,Mungthin M,2014,http://www.pubmedcentral.nih.gov/articlerender.fcgi?artid=3986879&tool=pmcentrez&rendertype=abstract
24093782,Thailand,Muhamad P,2013,http://www.pubmedcentral.nih.gov/articlerender.fcgi?artid=3805099&tool=pmcentrez&rendertype=abstract
799,Thailand,"Ye R, Zhang Y, Zhang D.",2022,https://pubmed.ncbi.nlm.nih.gov/35413937/
800,Thailand,"Kunasol C, Dondorp AM, Batty EM, Nakhonsri V, Sinjanakhom P, Day NPJ, Imwong M.",2022,https://pubmed.ncbi.nlm.nih.gov/35365711/
11356518,Thailand,Durand R,2001,http://www.ncbi.nlm.nih.gov/pubmed/11356518
12423551,Thailand,Lopes D,2002,http://www.ncbi.nlm.nih.gov/pubmed/?term=12423551
17298921,Thailand,Naoshima-Ishibashi Y,2007,http://www.ncbi.nlm.nih.gov/pubmed/17298921
12363066,Timor-Leste,Chen N,2002,http://www.ncbi.nlm.nih.gov/pubmed/12363066
19358729,Timor-Leste,de Almeida A,2009,http://www.pubmedcentral.nih.gov/articlerender.fcgi?artid=2672086&tool=pmcentrez&rendertype=abstract
16569231,Togo,Cojean S,2006,http://www.pubmedcentral.nih.gov/articlerender.fcgi?artid=1448192&tool=pmcentrez&rendertype=abstract
625,Togo,Feng Lu,2017,https://www.ncbi.nlm.nih.gov/pubmed/28747223
423,Togo,"Zhou RM, Zhang HW, Yang CY, Liu Y, Zhao YL, Li SH, Qian D, Xu BL",2016,http://www.ncbi.nlm.nih.gov/pubmed/?term=27160572
706,Togo,"Tao Zhang, Xian Xu, Jingjing Jiang, Chen Yu, Cuicui Tian, and Weidong Li",2018,https://www.ncbi.nlm.nih.gov/pubmed/29436339
11356518,Togo,Durand R,2001,http://www.ncbi.nlm.nih.gov/pubmed/11356518
20439955,Togo,Andriantsoanirina V,2010,http://www.pubmedcentral.nih.gov/articlerender.fcgi?artid=2861372&tool=pmcentrez&rendertype=abstract
16518760,Uganda,Francis D,2006,http://www.ncbi.nlm.nih.gov/pubmed/16518760
17562798,Uganda,Nsobya SL,2007,http://www.pubmedcentral.nih.gov/articlerender.fcgi?artid=1932488&tool=pmcentrez&rendertype=abstract
17609321,Uganda,Keen J,2007,http://www.pubmedcentral.nih.gov/articlerender.fcgi?artid=2045286&tool=pmcentrez&rendertype=abstract
25425434,Uganda,"Sagara I, Oduro AR, Mulenga M, Dieng Y, Ogutu B, Tiono AB, Mugyenyi P, Sie A, Wasunna M, Kain KC, Djimdé AA, Sarkar S, Chandra R, Robbins J, Dunne MW",2014,http://www.ncbi.nlm.nih.gov/pubmed/?term=25425434
24799371,Uganda,Mbogo GW,2014,http://www.ncbi.nlm.nih.gov/pubmed/?term=24799371
24610872,Uganda,Conrad,2014,http://www.ncbi.nlm.nih.gov/pubmed/24610872
20065051,Uganda,Nsobya SL,2010,http://www.pubmedcentral.nih.gov/articlerender.fcgi?artid=2825959&tool=pmcentrez&rendertype=abstract
21078941,Uganda,Baliraine FN,2011,http://www.pubmedcentral.nih.gov/articlerender.fcgi?artid=3028814&tool=pmcentrez&rendertype=abstract
21881128,Uganda,Baliraine F,2011,http://www.pubmedcentral.nih.gov/articlerender.fcgi?artid=3164433&tool=pmcentrez&rendertype=abstract
23220229,Uganda,Kiwuwa MS,2013,http://www.ncbi.nlm.nih.gov/pubmed/23220229
22118982,Uganda,Kamugisha E,2012,http://www.ncbi.nlm.nih.gov/pubmed/22118982
24446524,Uganda,Tukwasibwe S,2014,http://www.ncbi.nlm.nih.gov/pubmed/24446524
591,Uganda,"Tumwebaze P, Tukwasibwe S, Taylor A, Conrad M, Ruhamyankaka E, Asua V, Walakira A, Nankabirwa J, Yeka A, Staedke SG, Greenhouse B, Nsobya SL, Kamya MR, Dorsey G, Rosenthal PJ",2017,http://www.ncbi.nlm.nih.gov/pubmed/?term=28039354
24629020,Uganda,Nankoberanyi S,2014,http://www.pubmedcentral.nih.gov/articlerender.fcgi?artid=4004386&tool=pmcentrez&rendertype=abstract
513,Uganda,"Nankabirwa JI, Conrad MD, Legac J, Tukwasibwe S, Tumwebaze P, Wandera B, Brooker SJ, Staedke SG, Kamya MR, Nsobya SL, Dorsey G, Rosenthal PJ",2016,http://www.ncbi.nlm.nih.gov/pubmed/?term=27401569
611,Uganda,"Rasmussen SA, Ceja FG, Conrad MD, Tumwebaze PK, Byaruhanga O, Katairo T, Nsobya SL, Rosenthal PJ, Cooper RA",2017,http://www.ncbi.nlm.nih.gov/pubmed/?term=28923866
793,Uganda,"Balikagala B, Sakurai-Yatsushiro M, Tachibana SI, Ikeda M, Yamauchi M, Katuro OT, Ntege EH, Sekihara M, Fukuda N, Takahashi N, Yatsushiro S, Mori T, Hirai M, Opio W, Obwoya PS, Anywar DA, Auma MA, Palacpac NMQ, Tsuboi T, Odongo-Aginya EI, Kimura E, Ogwang M",2020,https://pubmed.ncbi.nlm.nih.gov/32070358/
723,Uganda,Philip Rosenthal,2016,https://www.ncbi.nlm.nih.gov/pubmed/26597254
26597254,Uganda,"Yeka A, Kigozi R, Conrad MD, Lugemwa M, Okui P, Katureebe C, Belay K, Kapella BK, Chang MA, Kamya MR, Staedke SG, Dorsey G, Rosenthal PJ",2016,http://www.ncbi.nlm.nih.gov/pubmed/?term=26597254
588,Uganda,"Yeka A, Kigozi R, Conrad MD, Lugemwa M, Okui P, Katureebe C, Belay K, Kapella BK, Chang MA, Kamya MR, Staedke SG, Dorsey G, Rosenthal PJ",2016,http://www.ncbi.nlm.nih.gov/pubmed/?term=26597254
791,Uganda,"Yeka A, Kigozi R, Conrad MD, Lugemwa M, Okui P, Katureebe C, Belay K, Kapella BK, Chang MA, Kamya MR, Staedke SG, Dorsey G, Rosenthal PJ.",2015,https://pubmed.ncbi.nlm.nih.gov/26597254/
625,Uganda,Feng Lu,2017,https://www.ncbi.nlm.nih.gov/pubmed/28747223
493,Uganda,"Balikagala B, Mita T, Ikeda M, Sakurai M, Yatsushiro S, Takahashi N, Tachibana SI, Auma M, Ntege EH, Ito D, Takashima E, Palacpac NM, Egwang TG, Onen JO, Kataoka M, Kimura E, Horii T, Tsuboi T",2017,http://www.ncbi.nlm.nih.gov/pubmed/?term=28068997
450,Uganda,Adoke Yeka,2016,NA
573,Uganda,"Conrad MD, Mota D, Foster M, Tukwasibwe S, Legac J, Tumwebaze P, Whalen M, Kakuru A, Nayebare P, Wallender E, Havlir DV, Jagannathan P, Huang L, Aweeka F, Kamya MR, Dorsey G, Rosenthal PJ",2017,http://www.ncbi.nlm.nih.gov/pubmed/?term=28968782
423,Uganda,"Zhou RM, Zhang HW, Yang CY, Liu Y, Zhao YL, Li SH, Qian D, Xu BL",2016,http://www.ncbi.nlm.nih.gov/pubmed/?term=27160572
714,Uganda,"Yeka A, Wallender E, Mulebeke R, Kibuuka A, Kigozi R, Bosco A, Kyambadde P, Opigo J, Kalyesubula S, Senzoga J, Vinden J, Conrad M, Rosenthal PJ.",2018,https://www.ncbi.nlm.nih.gov/pubmed/?term=30418593
706,Uganda,"Tao Zhang, Xian Xu, Jingjing Jiang, Chen Yu, Cuicui Tian, and Weidong Li",2018,https://www.ncbi.nlm.nih.gov/pubmed/29436339
798,Uganda,"Tumwebaze PK, Katairo T, Okitwi M, Byaruhanga O, Orena S, Asua V, Duvalsaint M, Legac J, Chelebieva S, Ceja FG, Rasmussen SA, Conrad MD, Nsobya SL, Aydemir O, Bailey JA, Bayles BR, Rosenthal PJ, Cooper RA.",2022,https://pubmed.ncbi.nlm.nih.gov/34553183/
804,Uganda,"Manirakiza G, Kassaza K, Taremwa IM, Bazira J, Byarugaba F.",2022,https://pubmed.ncbi.nlm.nih.gov/35033082/
11926004,Uganda,Kyosiimire-Lugemwa J,2002,http://www.ncbi.nlm.nih.gov/pubmed/?term=11926004
16112915,Uganda,Talisuna A,2006,http://www.ncbi.nlm.nih.gov/pubmed/16112915
12474488,Uganda,Talisuna A,2002,http://www.ncbi.nlm.nih.gov/pubmed/12474488
11294677,Uganda,Dorsey G,2001,http://www.ncbi.nlm.nih.gov/pubmed/11294677
18411325,Uganda,Mehlotra RK,2008,http://www.pubmedcentral.nih.gov/articlerender.fcgi?artid=2415780&tool=pmcentrez&rendertype=abstract
24657918,Vanuatu,Jovel IT,2014,http://www.ncbi.nlm.nih.gov/pubmed/24657918
20370920,Vanuatu,Kinzer MH,2010,http://www.pubmedcentral.nih.gov/articlerender.fcgi?artid=2853556&tool=pmcentrez&rendertype=abstract
22453078,Vanuatu,Takahashi N,2012,http://www.pubmedcentral.nih.gov/articlerender.fcgi?artid=3369212&tool=pmcentrez&rendertype=abstract
12452494,Venezuela,Contreras CE,2002,http://www.ncbi.nlm.nih.gov/pubmed/12452494
20145087,Venezuela,Griffing S,2010,http://www.pubmedcentral.nih.gov/articlerender.fcgi?artid=2849383&tool=pmcentrez&rendertype=abstract
784,Venezuela,32380999,2020,https://pubmed.ncbi.nlm.nih.gov/32380999/
810,Viet Nam,"Manh ND, Thanh NV, Quang HH, Van NTT, San NN, Phong NC, Birrell GW, Edstein MD, Edgel KA, Martin NJ, Chavchich M.",2021,https://pubmed.ncbi.nlm.nih.gov/34570647/
14614668,Viet nam,Huong NM,2003,http://www.ncbi.nlm.nih.gov/pubmed/14614668
12685644,Viet nam,Ngo T,2003,http://www.ncbi.nlm.nih.gov/pubmed/12685644
19889891,Viet nam,Isozumi R,2010,http://www.pubmedcentral.nih.gov/articlerender.fcgi?artid=2812275&tool=pmcentrez&rendertype=abstract
715,Viet nam,"Iwagami M, Tangpukdee N, Wilairatana P, Krudsood S, Dao LD, Nakazawa S, Sinuon M, Socheat D, Yasuoka J, Jimba M, Watanabe H, Kobayashi J, Toma H, Vanisaveth V, Hongvanthong B, Brey PT, Kano S.",2018,https://www.ncbi.nlm.nih.gov/pubmed/?term=30165262
21669011,Viet nam,Sinou V,2011,http://www.pubmedcentral.nih.gov/articlerender.fcgi?artid=3123604&tool=pmcentrez&rendertype=abstract
751,Yemen,Reem A Mubjer,2011,https://www.ncbi.nlm.nih.gov/pubmed/?term=21854642
21619624,Yemen,Al-Mekhlafi AM,2011,http://www.pubmedcentral.nih.gov/articlerender.fcgi?artid=3125383&tool=pmcentrez&rendertype=abstract
329,Yemen,Al-Hamidhi S,2013,http://www.pubmedcentral.nih.gov/articlerender.fcgi?artid=3729657&tool=pmcentrez&rendertype=abstract
26001972,Yemen,Bamaga OA,2015,http://www.ncbi.nlm.nih.gov/pubmed/26001972
23906615,Yemen,Abdul-Ghani R,2013,http://www.ncbi.nlm.nih.gov/pubmed/23906615
516,Yemen,"Alareqi LM, Mahdy MA, Lau YL, Fong MY, Abdul-Ghani R, Mahmud R",2016,http://www.ncbi.nlm.nih.gov/pubmed/?term=27343362
508,Yemen,"Atroosh WM, Al-Mekhlafi HM, Al-Jasari A, Sady H, Dawaki SS, Elyana FN, Al-Areeqi MA, Nasr NA, Abdulsalam AM, Subramaniam LR, Azzani M, Ithoi I, Lau YL, Surin J",2016,http://www.ncbi.nlm.nih.gov/pubmed/?term=27478699
17033142,Zambia,Menegon M,2006,http://www.iss.it/publ/anna/2006/2/422203.pdf
16154388,Zambia,Severini C,2006,http://www.ncbi.nlm.nih.gov/pubmed/16154388
24354640,Zambia,Mharakurwa S,2013,http://www.pubmedcentral.nih.gov/articlerender.fcgi?artid=3878239&tool=pmcentrez&rendertype=abstract
25425434,Zambia,"Sagara I, Oduro AR, Mulenga M, Dieng Y, Ogutu B, Tiono AB, Mugyenyi P, Sie A, Wasunna M, Kain KC, Djimdé AA, Sarkar S, Chandra R, Robbins J, Dunne MW",2014,http://www.ncbi.nlm.nih.gov/pubmed/?term=25425434
498,Zambia,"Mwanza S, Joshi S, Nambozi M, Chileshe J, Malunga P, Kabuya JB, Hachizovu S, Manyando C, Mulenga M, Laufer M",2016,http://www.ncbi.nlm.nih.gov/pubmed/?term=27919256
625,Zambia,Feng Lu,2017,https://www.ncbi.nlm.nih.gov/pubmed/28747223
423,Zambia,"Zhou RM, Zhang HW, Yang CY, Liu Y, Zhao YL, Li SH, Qian D, Xu BL",2016,http://www.ncbi.nlm.nih.gov/pubmed/?term=27160572
764,Zambia,Sitali L,2019,https://www.ncbi.nlm.nih.gov/pubmed/31796087
423,Zimbabwe,"Zhou RM, Zhang HW, Yang CY, Liu Y, Zhao YL, Li SH, Qian D, Xu BL",2016,http://www.ncbi.nlm.nih.gov/pubmed/?term=27160572
22208458,Zimbabwe,"Yumiko Saito-Nakano, Kazuyuki Tanabe, Toshihiro Mita",2011,http://www.pubmedcentral.nih.gov/articlerender.fcgi?artid=3309963&tool=pmcentrez&rendertype=abstract
11356518,Zimbabwe,Durand R,2001,http://www.ncbi.nlm.nih.gov/pubmed/11356518
17033142,Côte d'Ivoire,Menegon M,2006,http://www.iss.it/publ/anna/2006/2/422203.pdf
16154388,Côte d'Ivoire,Severini C,2006,http://www.ncbi.nlm.nih.gov/pubmed/16154388
16569231,Côte d'Ivoire,Cojean S,2006,http://www.pubmedcentral.nih.gov/articlerender.fcgi?artid=1448192&tool=pmcentrez&rendertype=abstract
20439955,Côte d'Ivoire,Andriantsoanirina V,2010,http://www.pubmedcentral.nih.gov/articlerender.fcgi?artid=2861372&tool=pmcentrez&rendertype=abstract
22904636,Côte d'Ivoire,Ako BA,2012,http://www.ncbi.nlm.nih.gov/pmc/articles/PMC3418069/
25706423,Côte d'Ivoire,"Bla BK, Yavo W, Trébissou J, Kipré RG, Yapi FH, N'guessan JD, Djaman JA",2014,http://www.ncbi.nlm.nih.gov/pubmed/?term=25706423
423,Côte d'Ivoire,"Zhou RM, Zhang HW, Yang CY, Liu Y, Zhao YL, Li SH, Qian D, Xu BL",2016,http://www.ncbi.nlm.nih.gov/pubmed/?term=27160572
625,Côte d'Ivoire,Feng Lu,2017,https://www.ncbi.nlm.nih.gov/pubmed/28747223
709,Côte d'Ivoire,"Oléfongo Dagnogo, Aristide Berenger Ako, Lacinan Ouattara , Noel Dougba Dago , David N’golo Coulibaly , André Ofanan Touré  and Joseph Allico Djaman",2018,https://www.ncbi.nlm.nih.gov/pubmed/?term=30404640
706,Côte d'Ivoire,"Tao Zhang, Xian Xu, Jingjing Jiang, Chen Yu, Cuicui Tian, and Weidong Li",2018,https://www.ncbi.nlm.nih.gov/pubmed/29436339
11356518,Côte d'Ivoire,Durand R,2001,http://www.ncbi.nlm.nih.gov/pubmed/11356518