country,Region,lat,long,displayName,layerName,layerTitle,year,value,study.Id,site.number,site,study.start,study.end,marker.type,tested,present,Mixed.present,author,publication.year,publication.URL,title,notes,pubmed.Id,drug,marker.group,percentage,included.or.excluded,PR,Prev_DR
Afghanistan,Asia,34.17,70.62,Global Pf Parasite Rate,Malaria:202206_Global_Pf_Parasite_Rate,"Proportion of Children 2 to 10 years of age showing, on a given year, detectable Plasmodium falciparum parasite",2003,0.003801042214035988,20547800,0,Nangahar,2002,2003,pfcrt 76T,55,54,55,Beshir K,2010,http://www.pubmedcentral.nih.gov/articlerender.fcgi?artid=2934991&tool=pmcentrez&rendertype=abstract,Post AQ treatment genotypes available.,20547800,Amodiaquine resistance in Plasmodium falciparum malaria in Afghanistan is associated with the pfcrt SVMNT allele at codons 72 to 76.,Amodiaquine,pfcrt 76T,100,NA,0.3801042214035988,98.1818181818182
Angola,Southern Africa,-7.61,15.05,Global Pf Parasite Rate,Malaria:202206_Global_Pf_Parasite_Rate,"Proportion of Children 2 to 10 years of age showing, on a given year, detectable Plasmodium falciparum parasite",2004,0.2623843848705292,19708897,0,Uige Provincial Hospital,2004,2004,pfcrt 76T,66,62,62,Menegon M,2009,http://www.ncbi.nlm.nih.gov/pubmed/19708897,NA,19708897,"Monitoring for multidrug-resistant Plasmodium falciparum isolates and analysis of pyrimethamine resistance evolution in Uige province, Angola.",Amodiaquine,pfcrt 76T,94,NA,26.238438487052917,93.93939393939394
Angola,Southern Africa,-8.84,13.23,Global Pf Parasite Rate,Malaria:202206_Global_Pf_Parasite_Rate,"Proportion of Children 2 to 10 years of age showing, on a given year, detectable Plasmodium falciparum parasite",2005,0.06970688700675964,19014684,0,Luanda,2005,2005,pfcrt 76T,245,230,231,Figueiredo P,2008,http://www.pubmedcentral.nih.gov/articlerender.fcgi?artid=2613152&tool=pmcentrez&rendertype=abstract,NA,19014684,"Prevalence of pfmdr1, pfcrt, pfdhfr and pfdhps mutations associated with drug resistance, in Luanda, Angola.",Amodiaquine,pfcrt 76T,94,NA,6.970688700675964,93.87755102040816
Bangladesh,Asia,23.24,92.07,Global Pf Parasite Rate,Malaria:202206_Global_Pf_Parasite_Rate,"Proportion of Children 2 to 10 years of age showing, on a given year, detectable Plasmodium falciparum parasite",2002,0.04203068092465401,15189458,0,"Dighinala upazilla, Baghaichara, Pujgang, Panchari upazilla",2002,2002,pfcrt 76T,187,176,176,van den Broek IVF,2004,http://www.ncbi.nlm.nih.gov/pubmed/?term=15189458,Clinical Q+SP data available. Mixed infection,15189458,Drug resistance in Plasmodium falciparum from the Chittagong Hill Tracts,Amodiaquine,pfcrt 76T,94,NA,4.203068092465401,94.11764705882352
Brazil,South America,-3.77,-49.68,Global Pf Parasite Rate,Malaria:202206_Global_Pf_Parasite_Rate,"Proportion of Children 2 to 10 years of age showing, on a given year, detectable Plasmodium falciparum parasite",2005,0.0002954551891889423,18304266,0,Tucurui,2005,2005,pfcrt 76T,56,56,56,Ferreira ID,2008,http://www.ncbi.nlm.nih.gov/pubmed/18304266,In vitro ARS ARM data available.,18304266,Plasmodium falciparum from Pará state (Brazil) shows satisfactory in vitro response to artemisinin derivatives and absence of the S769N mutation in the SERCA-type PfATPase6.,Amodiaquine,pfcrt 76T,100,NA,0.02954551891889423,100
Burkina Faso,West Africa,12.63,-3.72,Global Pf Parasite Rate,Malaria:202206_Global_Pf_Parasite_Rate,"Proportion of Children 2 to 10 years of age showing, on a given year, detectable Plasmodium falciparum parasite",2000,0.8650988340377808,15772316,0,Bourasso,2000,2000,pfcrt 76T,210,43,91,ABDEL-AZIZ IZ,2005,http://www.ncbi.nlm.nih.gov/pubmed/15772316,Cross-sectional study. Pf genotype associatio,15772316,Association of Plasmodium falciparum isolates encoding the p. Falciparum chloroquine resistance transporter gene K76T polymorphism with anemia and splenomegaly,Amodiaquine,pfcrt 76T,43,NA,86.50988340377808,20.47619047619047
Burkina Faso,West Africa,11.18,-4.29,Global Pf Parasite Rate,Malaria:202206_Global_Pf_Parasite_Rate,"Proportion of Children 2 to 10 years of age showing, on a given year, detectable Plasmodium falciparum parasite",2000,0.7272407412528992,14636690,0,Bobo Dioulasso,1998,2000,pfcrt 76T,114,45,70,Tinto H,2003,http://www.ncbi.nlm.nih.gov/pubmed/?term=14636690,Clinical CQ data and in vitro data available.,14636690,Relationship between the Pfcrt T76 and the Pfmdr-1 Y86 mutations in Plasmodium falciparum and in vitro/in vivo chloroquine resistance in Burkina Faso,Amodiaquine,pfcrt 76T,61,NA,72.72407412528992,39.473684210526315
Burkina Faso,West Africa,12.58,-1.3,Global Pf Parasite Rate,Malaria:202206_Global_Pf_Parasite_Rate,"Proportion of Children 2 to 10 years of age showing, on a given year, detectable Plasmodium falciparum parasite",2002,0.7829916477203369,17538894,0,"Ziniaré, Boussé",2002,2002,pfcrt 76T,999,409,409,Diallo DA,2007,http://www.ncbi.nlm.nih.gov/pubmed/17538894,Clinical CQ data available. In the publicatio,17538894,Children in Burkina Faso who are protected by insecticide-treated materials are able to clear drug-resistant parasites better than unprotected children.,Amodiaquine,pfcrt 76T,41,NA,78.29916477203369,40.94094094094094
Burkina Faso,West Africa,12.73,-3.87,Global Pf Parasite Rate,Malaria:202206_Global_Pf_Parasite_Rate,"Proportion of Children 2 to 10 years of age showing, on a given year, detectable Plasmodium falciparum parasite",2003,0.6378595232963562,17904509,1,Nouna,2003,2003,pfcrt 76T,169,94,137,Meissner PE,2008,http://www.ncbi.nlm.nih.gov/pubmed/17904509,"Clinical data CQ, CQ-MB available.",17904509,Marked differences in the prevalence of chloroquine resistance between urban and rural communities in Burkina Faso.,Amodiaquine,pfcrt 76T,81,NA,63.78595232963562,55.62130177514793
Burkina Faso,West Africa,12.63,-3.72,Global Pf Parasite Rate,Malaria:202206_Global_Pf_Parasite_Rate,"Proportion of Children 2 to 10 years of age showing, on a given year, detectable Plasmodium falciparum parasite",2003,0.7509803771972656,17904509,2,"Bourasso, Bagala, Boron",2003,2003,pfcrt 76T,53,6,34,Meissner PE,2008,http://www.ncbi.nlm.nih.gov/pubmed/17904509,"Clinical data CQ, CQ-MB available.",17904509,Marked differences in the prevalence of chloroquine resistance between urban and rural communities in Burkina Faso.,Amodiaquine,pfcrt 76T,64,NA,75.09803771972656,11.320754716981131
Burkina Faso,West Africa,11.18,-4.29,Global Pf Parasite Rate,Malaria:202206_Global_Pf_Parasite_Rate,"Proportion of Children 2 to 10 years of age showing, on a given year, detectable Plasmodium falciparum parasite",2003,0.6861259937286377,16837725,0,Bobo-Dioulasso,2003,2003,pfcrt 76T,110,68,68,Dokomajilar C,2006,http://www.16837725.nlm.nih.gov/pubmed/16837725,Clinical AQ data and post-treatment genotypes,16837725,Roles of specific Plasmodium falciparum mutations in resistance to amodiaquine and sulfadoxine-pyrimethamine in Burkina Faso.,Amodiaquine,pfcrt 76T,62,I,68.61259937286377,61.81818181818181
Burkina Faso,West Africa,12.73,-3.87,Global Pf Parasite Rate,Malaria:202206_Global_Pf_Parasite_Rate,"Proportion of Children 2 to 10 years of age showing, on a given year, detectable Plasmodium falciparum parasite",2005,0.45815056562423706,20060374,0,Nouna,2005,2005,pfcrt 76T,109,35,57,Danquah I,2010,http://www.ncbi.nlm.nih.gov/pubmed/20060374,"Clinical data AQ, post-treatment genotypes",20060374,Selection of pfmdr1 and pfcrt alleles in amodiaquine treatment failure in north-western Burkina Faso.,Amodiaquine,pfcrt 76T,52,NA,45.815056562423706,32.11009174311927
Burkina Faso,West Africa,12.35,-1.52,Global Pf Parasite Rate,Malaria:202206_Global_Pf_Parasite_Rate,"Proportion of Children 2 to 10 years of age showing, on a given year, detectable Plasmodium falciparum parasite",2005,0.19572493433952332,18304270,0,NA,2005,2005,pfcrt 76T,195,120,120,Tinto H,2008,http://www.ncbi.nlm.nih.gov/pubmed/18304270,Clinical AQ data available.,18304270,Chloroquine-resistance molecular markers (Pfcrt T76 and Pfmdr-1 Y86) and amodiaquine resistance in Burkina Faso.,Amodiaquine,pfcrt 76T,62,NA,19.57249343395233,61.53846153846154
Burkina Faso,West Africa,12.35,-1.52,Global Pf Parasite Rate,Malaria:202206_Global_Pf_Parasite_Rate,"Proportion of Children 2 to 10 years of age showing, on a given year, detectable Plasmodium falciparum parasite",2005,0.19572493433952332,25403659,1,NA,2005,2005,pfcrt 76T,267,130,188,"Baraka V, Tinto H, Valea I, Fitzhenry R, Delgado-Ratto C, Mbonye MK, Van Overmeir C, Rosanas-Urgell A, Van Geertruyden JP, D'Alessandro U, Erhart A",2015,http://www.ncbi.nlm.nih.gov/pubmed/?term=25403659,NA,25403659,In vivo selection of Plasmodium falciparum Pfcrt and Pfmdr1 variants by artemether-lumefantrine and dihydroartemisinin-piperaquine in Burkina Faso.,Amodiaquine,pfcrt 76T,70,NA,19.57249343395233,48.68913857677903
Cameroon,Central Africa,3.87,11.52,Global Pf Parasite Rate,Malaria:202206_Global_Pf_Parasite_Rate,"Proportion of Children 2 to 10 years of age showing, on a given year, detectable Plasmodium falciparum parasite",2001,0.5398499369621277,12455495,0,Yaoundé,2000,2001,pfcrt 76T,118,68,82,Basco L,2002,http://www.ncbi.nlm.nih.gov/pubmed/12455495,In vitro data available.,12455495,Molecular epidemiology of malaria in Cameroon. XII. In vitro drug assays and molecular surveillance of chloroquine and proguanil resistance.,Amodiaquine,pfcrt 76T,69,NA,53.98499369621277,57.6271186440678
Cameroon,Central Africa,3.87,11.52,Global Pf Parasite Rate,Malaria:202206_Global_Pf_Parasite_Rate,"Proportion of Children 2 to 10 years of age showing, on a given year, detectable Plasmodium falciparum parasite",2001,0.5398499369621277,12455496,0,Yaoundé,2000,2001,pfcrt 76T,155,90,108,Basco L,2002,http://www.ncbi.nlm.nih.gov/pubmed/12455496,In vitro data available,12455496,Molecular epidemiology of malaria in Cameroon. XIII. Analysis of pfcrt mutations and in vitro chloroquine resistance.,Amodiaquine,pfcrt 76T,70,NA,53.98499369621277,58.06451612903226
Cameroon,Central Africa,4.09,9.31,Global Pf Parasite Rate,Malaria:202206_Global_Pf_Parasite_Rate,"Proportion of Children 2 to 10 years of age showing, on a given year, detectable Plasmodium falciparum parasite",2005,0.5985939502716064,631,1,Mutengene,2003,2005,pfcrt 76T,230,223,223,"Moyeh MN, Njimoh DL, Evehe MS, Ali IM, Nji AM, Nkafu DN, Masumbe PN, Barbara AT, Ndikum VN, Mbacham WF.",2018,https://www.ncbi.nlm.nih.gov/pubmed/?term=29854394,NA,29854394,"Effects of Drug Policy Changes on Evolution of Molecular Markers of Plasmodium falciparum Resistance to Chloroquine, Amodiaquine, and Sulphadoxine-Pyrimethamine in the South West Region of Cameroon.",Amodiaquine,pfcrt 76T,97,I,59.859395027160645,96.95652173913044
Central African Republic,Central Africa,4.37,18.58,Global Pf Parasite Rate,Malaria:202206_Global_Pf_Parasite_Rate,"Proportion of Children 2 to 10 years of age showing, on a given year, detectable Plasmodium falciparum parasite",2004,0.7907419204711914,16474071,0,Bangui,2004,2004,pfcrt 76T,180,75,108,Menard D,2006,http://www.ncbi.nlm.nih.gov/pubmed/16474071,NA,16474071,"Frequency distribution of antimalarial drug-resistant alleles among isolates of Plasmodium falciparum in Bangui, Central African Republic.",Amodiaquine,pfcrt 76T,60,NA,79.07419204711914,41.66666666666667
Central African Republic,Central Africa,4.37,18.58,Global Pf Parasite Rate,Malaria:202206_Global_Pf_Parasite_Rate,"Proportion of Children 2 to 10 years of age showing, on a given year, detectable Plasmodium falciparum parasite",2005,0.8523999452590942,740,1,NA,2002,2005,pfcrt 76T,139,133,133,"Amor A, Toro C, FernÃ¡ndez-MartÃ­nez A, Baquero M, Benito A, Berzosa P.",2012,https://www.ncbi.nlm.nih.gov/pubmed/?term=22462737,NA,22462737,Molecular markers in plasmodium falciparum linked to resistance to anti-malarial drugs in samples imported from Africa over an eight-year period (2002-2010): impact of the introduction of artemisinin combination therapy.,Amodiaquine,pfcrt 76T,97,NA,85.23999452590942,95.68345323741008
China,Asia,20.02,110.35,Global Pf Parasite Rate,Malaria:202206_Global_Pf_Parasite_Rate,"Proportion of Children 2 to 10 years of age showing, on a given year, detectable Plasmodium falciparum parasite",2001,0,15827277,4,Hainan,2001,2001,pfcrt 76T,68,33,36,Wang X,2005,http://www.ncbi.nlm.nih.gov/pubmed/?term=15827277,In vitro data available.,15827277,Decreased prevalence of the Plasmodium falciparum chloroquine resistance transporter 76T marker associated with cessation of chloroquine use against P. falciparum malaria in Hainan,Amodiaquine,pfcrt 76T,90,NA,0,48.52941176470589
Colombia,South America,8.1,-76.73,Global Pf Parasite Rate,Malaria:202206_Global_Pf_Parasite_Rate,"Proportion of Children 2 to 10 years of age showing, on a given year, detectable Plasmodium falciparum parasite",2004,0.007365812547504902,19462557,0,"Turbo, El Bagre, Zaragoza",2002,2004,pfcrt 76T,172,172,172,Restrepo E,2008,http://www.ncbi.nlm.nih.gov/pubmed/19462557,"Clinical data on CQ, MQ, AQ, SP available.",19462557,Plasmodium falciparum: high frequency of pfcrt point mutations and emergence of new mutant haplotypes in Colombia.,Amodiaquine,pfcrt 76T,100,NA,0.7365812547504902,100
Colombia,South America,8.1,-76.73,Global Pf Parasite Rate,Malaria:202206_Global_Pf_Parasite_Rate,"Proportion of Children 2 to 10 years of age showing, on a given year, detectable Plasmodium falciparum parasite",2005,0.004814071115106344,18426617,0,"Turbo, Necocli, El Bagre, Zaragoza",2004,2005,pfcrt 76T,77,77,77,RESTREPO-PINEDA E,2008,http://www.ncbi.nlm.nih.gov/pubmed/18426617,In vitro data available.,18426617,"Studies on antimalarial drug susceptibility in Colombia, in relation to Pfmdr1 and Pfcrt.",Amodiaquine,pfcrt 76T,100,NA,0.4814071115106344,100
Congo,Central Africa,-4.27,15.28,Global Pf Parasite Rate,Malaria:202206_Global_Pf_Parasite_Rate,"Proportion of Children 2 to 10 years of age showing, on a given year, detectable Plasmodium falciparum parasite",2002,0.1855124831199646,16185238,1,Brazzaville,1999,2002,pfcrt 76T,96,12,95,Nsimba B,2005,http://www.ncbi.nlm.nih.gov/pubmed/16185238,NA,16185238,Epidemiology of drug-resistant malaria in Republic of Congo: using molecular evidence for monitoring antimalarial drug resistance combined with assessment of antimalarial drug use.,Amodiaquine,pfcrt 76T,99,NA,18.55124831199646,12.5
Congo,Central Africa,-4.27,15.28,Global Pf Parasite Rate,Malaria:202206_Global_Pf_Parasite_Rate,"Proportion of Children 2 to 10 years of age showing, on a given year, detectable Plasmodium falciparum parasite",2005,0.19172042608261108,737,1,Brazzaville,2005,2005,pfcrt 76T,100,93,93,"Tsumori Y, Ndounga M, Sunahara T, Hayashida N, Inoue M, Nakazawa S, Casimiro P, Isozumi R, Uemura H, Tanabe K, Kaneko O, Culleton R.",2011,https://www.ncbi.nlm.nih.gov/pubmed/?term=21858115,asymptomatic,21858115,"Plasmodium falciparum: differential selection of drug resistance alleles in contiguous urban and peri-urban areas of Brazzaville, Republic of Congo.",Amodiaquine,pfcrt 76T,93,NA,19.17204260826111,93
Equatorial Guinea,Central Africa,3.73,8.77,Global Pf Parasite Rate,Malaria:202206_Global_Pf_Parasite_Rate,"Proportion of Children 2 to 10 years of age showing, on a given year, detectable Plasmodium falciparum parasite",2001,0.2652883529663086,806,2,NA,2001,2001,pfcrt 76T,102,87,87,"Berzosa P, Molina de la Fuente I, Ta-Tang TH, González V, García L, Rodríguez-Galet A, Díaz-Regañón R, Galán R, Cerrada-Gálvez L, Ncogo P, Riloha M, Benito A.",2021,https://pubmed.ncbi.nlm.nih.gov/34906159/,NA,34906159,Temporal evolution of the resistance genotypes of Plasmodium falciparum in isolates from Equatorial Guinea during 20 years (1999 to 2019).,Amodiaquine,pfcrt 76T,85,NA,26.52883529663086,85.29411764705883
Equatorial Guinea,Central Africa,1.75,10.17,Global Pf Parasite Rate,Malaria:202206_Global_Pf_Parasite_Rate,"Proportion of Children 2 to 10 years of age showing, on a given year, detectable Plasmodium falciparum parasite",2005,0.4615858793258667,23537170,1,Miyobo,2005,2005,pfcrt 76T,184,99,127,Mendes C,2013,http://www.pubmedcentral.nih.gov/articlerender.fcgi?artid=3621214&tool=pmcentrez&rendertype=abstract,Data also stratified by dry/wet season. Addit,23537170,Genetic diversity and signatures of selection of drug resistance in Plasmodium populations from both human and mosquito hosts in continental Equatorial Guinea.,Amodiaquine,pfcrt 76T,69,NA,46.15858793258667,53.80434782608695
Equatorial Guinea,Central Africa,2.04,9.78,Global Pf Parasite Rate,Malaria:202206_Global_Pf_Parasite_Rate,"Proportion of Children 2 to 10 years of age showing, on a given year, detectable Plasmodium falciparum parasite",2005,0.48547857999801636,23537170,2,Ngonamanga,2005,2005,pfcrt 76T,113,66,89,Mendes C,2013,http://www.pubmedcentral.nih.gov/articlerender.fcgi?artid=3621214&tool=pmcentrez&rendertype=abstract,Data also stratified by dry/wet season. Addit,23537170,Genetic diversity and signatures of selection of drug resistance in Plasmodium populations from both human and mosquito hosts in continental Equatorial Guinea.,Amodiaquine,pfcrt 76T,79,NA,48.54785799980163,58.4070796460177
Equatorial Guinea,Central Africa,3.73,8.77,Global Pf Parasite Rate,Malaria:202206_Global_Pf_Parasite_Rate,"Proportion of Children 2 to 10 years of age showing, on a given year, detectable Plasmodium falciparum parasite",2005,0.16366708278656006,806,3,NA,2004,2005,pfcrt 76T,262,200,200,"Berzosa P, Molina de la Fuente I, Ta-Tang TH, González V, García L, Rodríguez-Galet A, Díaz-Regañón R, Galán R, Cerrada-Gálvez L, Ncogo P, Riloha M, Benito A.",2021,https://pubmed.ncbi.nlm.nih.gov/34906159/,NA,34906159,Temporal evolution of the resistance genotypes of Plasmodium falciparum in isolates from Equatorial Guinea during 20 years (1999 to 2019).,Amodiaquine,pfcrt 76T,85,NA,16.366708278656006,76.33587786259542
Ethiopia,East Africa,6.41,38.31,Global Pf Parasite Rate,Malaria:202206_Global_Pf_Parasite_Rate,"Proportion of Children 2 to 10 years of age showing, on a given year, detectable Plasmodium falciparum parasite",2004,0.15085846185684204,16817953,0,Dilla,2004,2004,pfcrt 76T,69,69,69,Schunk M,2006,http://www.pubmedcentral.nih.gov/articlerender.fcgi?artid=1524791&tool=pmcentrez&rendertype=abstract,NA,16817953,High prevalence of drug-resistance mutations in Plasmodium falciparum and Plasmodium vivax in southern Ethiopia.,Amodiaquine,pfcrt 76T,100,NA,15.085846185684204,100
Gabon,Central Africa,-0.7,10.24,Global Pf Parasite Rate,Malaria:202206_Global_Pf_Parasite_Rate,"Proportion of Children 2 to 10 years of age showing, on a given year, detectable Plasmodium falciparum parasite",2002,0.23836833238601685,22004584,1,Lamberéné,1995,2002,pfcrt 76T,215,215,215,Frank M,2011,http://www.pubmedcentral.nih.gov/articlerender.fcgi?artid=3215978&tool=pmcentrez&rendertype=abstract,Pfcrt flanking microsatellites,22004584,A thirteen-year analysis of Plasmodium falciparum populations reveals high conservation of the mutant pfcrt haplotype despite the withdrawal of chloroquine from national treatment guidelines in Gabon.,Amodiaquine,pfcrt 76T,100,NA,23.836833238601685,100
Gabon,Central Africa,-1.63,13.58,Global Pf Parasite Rate,Malaria:202206_Global_Pf_Parasite_Rate,"Proportion of Children 2 to 10 years of age showing, on a given year, detectable Plasmodium falciparum parasite",2004,0.11764557659626007,21251998,1,Franceville,2004,2004,pfcrt 76T,96,90,92,Lekana-Douki JB,2011,http://www.ncbi.nlm.nih.gov/pubmed/21251998,NA,21251998,"Increased prevalence of the Plasmodium falciparum Pfmdr1 86N genotype among field isolates from Franceville, Gabon after replacement of chloroquine by artemether-lumefantrine and artesunate-mefloquine.",Amodiaquine,pfcrt 76T,98,NA,11.764557659626009,93.75
Gambia,West Africa,13.57,-15.61,NA,NA,NA,2000,NA,15388456,0,Farafenni,2000,2000,pfcrt 76T,89,55,55,Hallett RL,2004,http://www.ncbi.nlm.nih.gov/pubmed/?term=15388456,Publication only contains  data from gametocy,15388456,Combination therapy counteracts the enhanced transmission of drug-resistant malaria parasites to mosquitoes.,Amodiaquine,pfcrt 76T,62,NA,NA,61.79775280898876
Gambia,West Africa,13.57,-15.61,NA,NA,NA,2000,NA,18008244,3,Farafenni Hospital,2000,2000,pfcrt 76T,82,52,52,Ord R,2007,http://www.ncbi.nlm.nih.gov/pubmed/18008244,Intraseasonal changes studied.,18008244,Seasonal carriage of pfcrt and pfmdr1 alleles in Gambian Plasmodium falciparum imply reduced fitness of chloroquine-resistant parasites.,Amodiaquine,pfcrt 76T,73,I,NA,63.41463414634146
Gambia,West Africa,13.57,-15.61,NA,NA,NA,2001,NA,18008244,4,Farafenni Hospital,2001,2001,pfcrt 76T,88,64,64,Ord R,2007,http://www.ncbi.nlm.nih.gov/pubmed/18008244,Intraseasonal changes studied.,18008244,Seasonal carriage of pfcrt and pfmdr1 alleles in Gambian Plasmodium falciparum imply reduced fitness of chloroquine-resistant parasites.,Amodiaquine,pfcrt 76T,73,I,NA,72.72727272727273
Gambia,West Africa,13.57,-15.61,NA,NA,NA,2002,NA,16206082,0,Farafenni,2002,2002,pfcrt 76T,141,90,90,Meerman L,2005,http://www.ncbi.nlm.nih.gov/pubmed/16206082,Mixed infections rare. Severe malaria vs. Con,16206082,Carriage of chloroquine-resistant parasites and delay of effective treatment increase the risk of severe malaria in Gambian children.,Amodiaquine,pfcrt 76T,64,NA,NA,63.82978723404256
Gambia,West Africa,13.57,-15.61,NA,NA,NA,2002,NA,18008244,5,Farafenni Hospital,2002,2002,pfcrt 76T,86,47,47,Ord R,2007,http://www.ncbi.nlm.nih.gov/pubmed/18008244,Intraseasonal changes studied.,18008244,Seasonal carriage of pfcrt and pfmdr1 alleles in Gambian Plasmodium falciparum imply reduced fitness of chloroquine-resistant parasites.,Amodiaquine,pfcrt 76T,73,I,NA,54.65116279069767
Ghana,West Africa,9.41,-0.85,Global Pf Parasite Rate,Malaria:202206_Global_Pf_Parasite_Rate,"Proportion of Children 2 to 10 years of age showing, on a given year, detectable Plasmodium falciparum parasite",2000,0.4866935908794403,16117966,0,Tamale,2000,2000,pfcrt 76T,270,207,207,Ehrhardt S,2003,http://www.ncbi.nlm.nih.gov/pubmed/?term=16117966,Displayed prevalence refers to parasite genot,16117966,Chloroquine blood concentrations and molecular markers of chloroquine-resistant Plasmodium falciparum in febrile children in northern Ghana.,Amodiaquine,pfcrt 76T,77,I,48.66935908794403,76.66666666666667
Ghana,West Africa,9.41,-0.85,Global Pf Parasite Rate,Malaria:202206_Global_Pf_Parasite_Rate,"Proportion of Children 2 to 10 years of age showing, on a given year, detectable Plasmodium falciparum parasite",2002,0.3621729612350464,17562799,0,Tamale,2002,2002,pfcrt 76T,3182,1472,2517,Ehrhardt,2007,http://www.pubmedcentral.nih.gov/articlerender.fcgi?artid=2043215&tool=pmcentrez&rendertype=abstract,Stratification of genotypes by dry and rainy,17562799,Large-scale surveillance of Plasmodium falciparum crt(K76T) in northern Ghana.,Amodiaquine,pfcrt 76T,79,NA,36.21729612350464,46.26021370207417
Ghana,West Africa,9.39,-0.82,Global Pf Parasite Rate,Malaria:202206_Global_Pf_Parasite_Rate,"Proportion of Children 2 to 10 years of age showing, on a given year, detectable Plasmodium falciparum parasite",2002,0.41963574290275574,17467758,0,Tamale Teaching Hospital,2002,2002,pfcrt 76T,288,225,225,Wichmann O,2007,http://www.ncbi.nlm.nih.gov/pubmed/17467758,Severe malaria,17467758,High residual chloroquine blood levels in African children with severe malaria seeking healthcare.,Amodiaquine,pfcrt 76T,78,I,41.963574290275574,78.125
Ghana,West Africa,7.15,0.46,Global Pf Parasite Rate,Malaria:202206_Global_Pf_Parasite_Rate,"Proportion of Children 2 to 10 years of age showing, on a given year, detectable Plasmodium falciparum parasite",2004,0.1646893471479416,17158810,1,Hohoe,2004,2004,pfcrt 76T,130,59,105,Duah NO,2007,http://www.ncbi.nlm.nih.gov/pubmed/17158810,NA,17158810,"Mutations in Plasmodium falciparum chloroquine resistance transporter and multidrug resistance genes, and treatment outcomes in Ghanaian children with uncomplicated malaria.",Amodiaquine,pfcrt 76T,81,NA,16.46893471479416,45.38461538461539
Ghana,West Africa,10.9,-1.1,Global Pf Parasite Rate,Malaria:202206_Global_Pf_Parasite_Rate,"Proportion of Children 2 to 10 years of age showing, on a given year, detectable Plasmodium falciparum parasite",2004,0.45202863216400146,17158810,2,Navrongo,2004,2004,pfcrt 76T,105,42,48,Duah NO,2007,http://www.ncbi.nlm.nih.gov/pubmed/17158810,NA,17158810,"Mutations in Plasmodium falciparum chloroquine resistance transporter and multidrug resistance genes, and treatment outcomes in Ghanaian children with uncomplicated malaria.",Amodiaquine,pfcrt 76T,46,NA,45.20286321640015,40
Ghana,West Africa,9.43,-0.02,Global Pf Parasite Rate,Malaria:202206_Global_Pf_Parasite_Rate,"Proportion of Children 2 to 10 years of age showing, on a given year, detectable Plasmodium falciparum parasite",2004,0.5786017179489136,17158810,5,Yendi,2004,2004,pfcrt 76T,67,30,31,Duah NO,2007,http://www.ncbi.nlm.nih.gov/pubmed/17158810,NA,17158810,"Mutations in Plasmodium falciparum chloroquine resistance transporter and multidrug resistance genes, and treatment outcomes in Ghanaian children with uncomplicated malaria.",Amodiaquine,pfcrt 76T,46,NA,57.86017179489136,44.776119402985074
Ghana,West Africa,7.33,-2.33,Global Pf Parasite Rate,Malaria:202206_Global_Pf_Parasite_Rate,"Proportion of Children 2 to 10 years of age showing, on a given year, detectable Plasmodium falciparum parasite",2004,0.40791749954223633,17158810,4,Sunyani,2004,2004,pfcrt 76T,62,37,38,Duah NO,2007,http://www.ncbi.nlm.nih.gov/pubmed/17158810,NA,17158810,"Mutations in Plasmodium falciparum chloroquine resistance transporter and multidrug resistance genes, and treatment outcomes in Ghanaian children with uncomplicated malaria.",Amodiaquine,pfcrt 76T,61,NA,40.79174995422363,59.67741935483871
Ghana,West Africa,7.33,-2.33,Global Pf Parasite Rate,Malaria:202206_Global_Pf_Parasite_Rate,"Proportion of Children 2 to 10 years of age showing, on a given year, detectable Plasmodium falciparum parasite",2004,0.40791749954223633,17158810,4,Sunyani,2004,2004,pfcrt 76T,62,37,38,Duah NO,2007,http://www.ncbi.nlm.nih.gov/pubmed/17158810,NA,17158810,"Mutations in Plasmodium falciparum chloroquine resistance transporter and multidrug resistance genes, and treatment outcomes in Ghanaian children with uncomplicated malaria.",Amodiaquine,pfcrt 76T,61,NA,40.79174995422363,59.67741935483871
Ghana,West Africa,6.45,-1.58,Global Pf Parasite Rate,Malaria:202206_Global_Pf_Parasite_Rate,"Proportion of Children 2 to 10 years of age showing, on a given year, detectable Plasmodium falciparum parasite",2004,0.20624059438705444,24172030,1,"Bekwai, Begoro,Hohoe, Sunyani, Tarkwa, Navrongo, Wa, Yendi, Cape-Coast",2003,2004,pfcrt 76T,324,227,227,Duah NO,2013,http://www.pubmedcentral.nih.gov/articlerender.fcgi?artid=3819684&tool=pmcentrez&rendertype=abstract,NA,24172030,Increased pfmdr1 gene copy number and the decline in pfcrt and pfmdr1 resistance alleles in Ghanaian Plasmodium falciparum isolates after the change of anti-malarial drug treatment policy.,Amodiaquine,pfcrt 76T,85,I,20.624059438705444,70.06172839506173
Guinea-Bissau,West Africa,11.88,-15.62,Global Pf Parasite Rate,Malaria:202206_Global_Pf_Parasite_Rate,"Proportion of Children 2 to 10 years of age showing, on a given year, detectable Plasmodium falciparum parasite",2003,0.10648832470178604,25421474,0,Bissau,2003,2003,pfcrt 76T,318,75,75,Jovel IT,2015,http://www.ncbi.nlm.nih.gov/pubmed/25421474,NA,25421474,"Temporal and Seasonal Changes of Genetic Polymorphisms Associated with Altered Drug Susceptibility to Chloroquine, Lumefantrine, and Quinine in Guinea-Bissau between 2003 and 2012",Amodiaquine,pfcrt 76T,57,I,10.648832470178604,23.58490566037736
Guinea-Bissau,West Africa,11.85,-15.6,Global Pf Parasite Rate,Malaria:202206_Global_Pf_Parasite_Rate,"Proportion of Children 2 to 10 years of age showing, on a given year, detectable Plasmodium falciparum parasite",2003,0.07111933082342148,19718439,1,Bissau,2003,2003,pfcrt 76T,320,77,77,Ursing J,2009,http://www.pubmedcentral.nih.gov/articlerender.fcgi?artid=2729929&tool=pmcentrez&rendertype=abstract,Stratification by month and parasitemia in th,19718439,No seasonal accumulation of resistant P. falciparum when high-dose chloroquine is used.,Amodiaquine,pfcrt 76T,24,I,7.111933082342148,24.0625
Guinea-Bissau,West Africa,11.88,-15.62,Global Pf Parasite Rate,Malaria:202206_Global_Pf_Parasite_Rate,"Proportion of Children 2 to 10 years of age showing, on a given year, detectable Plasmodium falciparum parasite",2004,0.056776776909828186,25421474,1,Bissau,2004,2004,pfcrt 76T,151,37,37,Jovel IT,2015,http://www.ncbi.nlm.nih.gov/pubmed/25421474,NA,25421474,"Temporal and Seasonal Changes of Genetic Polymorphisms Associated with Altered Drug Susceptibility to Chloroquine, Lumefantrine, and Quinine in Guinea-Bissau between 2003 and 2012",Amodiaquine,pfcrt 76T,57,I,5.677677690982819,24.503311258278146
Guinea-Bissau,West Africa,11.87,-15.6,Global Pf Parasite Rate,Malaria:202206_Global_Pf_Parasite_Rate,"Proportion of Children 2 to 10 years of age showing, on a given year, detectable Plasmodium falciparum parasite",2004,0.037504684180021286,17488902,0,NA,2001,2004,pfcrt 76T,478,111,111,Ursing J,2007,http://www.ncbi.nlm.nih.gov/pubmed/17488902,"Clinical CQ, high dose CQ and AQ data and pos",17488902,Plasmodium falciparum genotypes associated with chloroquine and amodiaquine resistance in Guinea-Bissau.,Amodiaquine,pfcrt 76T,23,I,3.7504684180021286,23.221757322175733
Guinea-Bissau,West Africa,11.87,-15.6,Global Pf Parasite Rate,Malaria:202206_Global_Pf_Parasite_Rate,"Proportion of Children 2 to 10 years of age showing, on a given year, detectable Plasmodium falciparum parasite",2004,0.037504684180021286,19718439,2,Bissau,2004,2004,pfcrt 76T,153,40,40,Ursing J,2009,http://www.pubmedcentral.nih.gov/articlerender.fcgi?artid=2729929&tool=pmcentrez&rendertype=abstract,Stratification by month and parasitemia in th,19718439,No seasonal accumulation of resistant P. falciparum when high-dose chloroquine is used.,Amodiaquine,pfcrt 76T,29,I,3.7504684180021286,26.14379084967321
Guinea-Bissau,West Africa,11.96,-15.54,Global Pf Parasite Rate,Malaria:202206_Global_Pf_Parasite_Rate,"Proportion of Children 2 to 10 years of age showing, on a given year, detectable Plasmodium falciparum parasite",2004,0.08010789006948471,17467343,4,"Nhacra, Placc",2004,2004,pfcrt 76T,93,25,35,Ursing J,2007,http://www.ncbi.nlm.nih.gov/pubmed/17467343,In vitro data available,17467343,Chloroquine resistant P. falciparum prevalence is low and unchanged between 1990 and 2005 in Guinea-Bissau: an effect of high chloroquine dosage?,Amodiaquine,pfcrt 76T,38,NA,8.010789006948471,26.881720430107524
Guinea-Bissau,West Africa,11.88,-15.62,Global Pf Parasite Rate,Malaria:202206_Global_Pf_Parasite_Rate,"Proportion of Children 2 to 10 years of age showing, on a given year, detectable Plasmodium falciparum parasite",2005,0.03757215291261673,25421474,2,Bissau,2005,2005,pfcrt 76T,169,39,39,Jovel IT,2015,http://www.ncbi.nlm.nih.gov/pubmed/25421474,NA,25421474,"Temporal and Seasonal Changes of Genetic Polymorphisms Associated with Altered Drug Susceptibility to Chloroquine, Lumefantrine, and Quinine in Guinea-Bissau between 2003 and 2012",Amodiaquine,pfcrt 76T,57,I,3.757215291261673,23.076923076923077
Guinea-Bissau,West Africa,11.87,-15.6,Global Pf Parasite Rate,Malaria:202206_Global_Pf_Parasite_Rate,"Proportion of Children 2 to 10 years of age showing, on a given year, detectable Plasmodium falciparum parasite",2005,0.02451827935874462,19718439,3,Bissau,2005,2005,pfcrt 76T,167,40,40,Ursing J,2009,http://www.pubmedcentral.nih.gov/articlerender.fcgi?artid=2729929&tool=pmcentrez&rendertype=abstract,Stratification by month and parasitemia in th,19718439,No seasonal accumulation of resistant P. falciparum when high-dose chloroquine is used.,Amodiaquine,pfcrt 76T,29,I,2.451827935874462,23.95209580838323
Guyana,South America,6.8,-58.17,Global Pf Parasite Rate,Malaria:202206_Global_Pf_Parasite_Rate,"Proportion of Children 2 to 10 years of age showing, on a given year, detectable Plasmodium falciparum parasite",2001,0.0005516568780876696,15322628,0,Multiple,1998,2001,pfcrt 76T,112,112,112,Best Plummer W,2004,http://www.ncbi.nlm.nih.gov/pubmed/15322628,In vitro data available.,15322628,Pfcrt and pfmdr1 alleles associated with chloroquine resistance in Plasmodium falciparum from Guyana,Amodiaquine,pfcrt 76T,100,NA,0.05516568780876696,100
India,Asia,15.49,73.82,Global Pf Parasite Rate,Malaria:202206_Global_Pf_Parasite_Rate,"Proportion of Children 2 to 10 years of age showing, on a given year, detectable Plasmodium falciparum parasite",2000,0.001625848119147122,12826304,0,"Panaji, Sonapur, Ghaziabad",2000,2000,pfcrt 76T,213,194,203,Vinayak S,2003,http://www.ncbi.nlm.nih.gov/pubmed/?term=12826304,Clinical CQ data and in vitro data available.,12826304,Prevalence of the K76T mutation in the pfcrt gene of Plasmodium falciparum among chloroquine responders in India.,Amodiaquine,pfcrt 76T,95,NA,0.1625848119147122,91.07981220657275
India,Asia,21.58,83.53,Global Pf Parasite Rate,Malaria:202206_Global_Pf_Parasite_Rate,"Proportion of Children 2 to 10 years of age showing, on a given year, detectable Plasmodium falciparum parasite",2003,0.0001604546414455399,22236376,1,Orissa,2003,2003,pfcrt 76T,54,43,43,Mallick PK,2012,http://www.pubmedcentral.nih.gov/articlerender.fcgi?artid=3283508&tool=pmcentrez&rendertype=abstract,Post-treatment (CQ) genotypes available,22236376,"Mutant pfcrt ""SVMNT"" haplotype and wild type pfmdr1 ""N86"" are endemic in Plasmodium vivax dominated areas of India under high chloroquine exposure.",Amodiaquine,pfcrt 76T,80,NA,0.01604546414455399,79.62962962962963
India,Asia,21.58,83.53,Global Pf Parasite Rate,Malaria:202206_Global_Pf_Parasite_Rate,"Proportion of Children 2 to 10 years of age showing, on a given year, detectable Plasmodium falciparum parasite",2003,0.0001604546414455399,16288790,0,Orissa,2003,2003,pfcrt 76T,120,91,91,Mishra S,2006,http://www.ncbi.nlm.nih.gov/pubmed/16288790,NA,16288790,An efficient PCR--SSCP-based method for detection of a chloroquine resistance marker in the PfCRT gene of Plasmodium falciparum.,Amodiaquine,pfcrt 76T,76,NA,0.01604546414455399,75.83333333333333
India,Asia,28.57,77.55,Global Pf Parasite Rate,Malaria:202206_Global_Pf_Parasite_Rate,"Proportion of Children 2 to 10 years of age showing, on a given year, detectable Plasmodium falciparum parasite",2003,0.00032000630744732916,16516311,6,Uttar Pradesh,2001,2003,pfcrt 76T,76,63,63,Vinayak S,2006,http://www.ncbi.nlm.nih.gov/pubmed/16516311,NA,16516311,Wide variation in microsatellite sequences within each Pfcrt mutant haplotype.,Amodiaquine,pfcrt 76T,83,NA,0.03200063074473291,82.89473684210526
India,Asia,28.57,77.55,Global Pf Parasite Rate,Malaria:202206_Global_Pf_Parasite_Rate,"Proportion of Children 2 to 10 years of age showing, on a given year, detectable Plasmodium falciparum parasite",2004,0.0003267121792305261,16586369,1,Uttar Pradesh,2000,2004,pfcrt 76T,66,53,53,Mittra P,2006,http://www.ncbi.nlm.nih.gov/pubmed/16586369,NA,16586369,Progressive increase in point mutations associated with chloroquine resistance in Plasmodium falciparum isolates from India.,Amodiaquine,pfcrt 76T,80,NA,0.03267121792305261,80.3030303030303
India,Asia,21.58,83.53,Global Pf Parasite Rate,Malaria:202206_Global_Pf_Parasite_Rate,"Proportion of Children 2 to 10 years of age showing, on a given year, detectable Plasmodium falciparum parasite",2005,0.00012631512072402984,17428514,0,Sundergarh,2004,2005,pfcrt 76T,138,23,105,Pati SS,2007,http://www.ncbi.nlm.nih.gov/pubmed/17428514,Clinical CQ data available.,17428514,"Pfcrt haplotypes and in-vivo chloroquine response in Sundergarh district, Orissa, India.",Amodiaquine,pfcrt 76T,76,NA,0.01263151207240298,16.666666666666664
India,Asia,9.16,92.76,Global Pf Parasite Rate,Malaria:202206_Global_Pf_Parasite_Rate,"Proportion of Children 2 to 10 years of age showing, on a given year, detectable Plasmodium falciparum parasite",2005,0.0012824500445276499,19220141,3,Car Nicobar,2005,2005,pfcrt 76T,58,58,58,Lumb V,2009,http://www.ncbi.nlm.nih.gov/pubmed/19220141,"Oct 2005_x000d_
Allele frequency presented, s",19220141,"Emergence of an unusual sulfadoxine-pyrimethamine resistance pattern and a novel K540N mutation in dihydropteroate synthetase in Plasmodium falciparum isolates obtained from Car Nicobar Island, India, after the 2004 Tsunami.",Amodiaquine,pfcrt 76T,100,NA,0.128245004452765,100
India,Asia,22.85,81.08,Global Pf Parasite Rate,Malaria:202206_Global_Pf_Parasite_Rate,"Proportion of Children 2 to 10 years of age showing, on a given year, detectable Plasmodium falciparum parasite",2005,0.0006206664838828146,19912592,0,Bajag PHC of Dindori district,2005,2005,pfcrt 76T,70,47,47,Bharti PK,2010,http://www.ncbi.nlm.nih.gov/pubmed/19912592,"Clinical data CQ data available._x000d_
Micro",19912592,Therapeutic efficacy of chloroquine and sequence variation in pfcrt gene among patients with falciparum malaria in central India.,Amodiaquine,pfcrt 76T,67,NA,0.06206664838828146,67.14285714285714
Indonesia,SEA,-7.74,110.03,Global Pf Parasite Rate,Malaria:202206_Global_Pf_Parasite_Rate,"Proportion of Children 2 to 10 years of age showing, on a given year, detectable Plasmodium falciparum parasite",2000,2.732807047323149e-7,14740877,0,Purworejo,2000,2000,pfcrt 76T,111,110,111,SYAFRUDDIN D,2003,http://www.ncbi.nlm.nih.gov/pubmed/14740877,NA,14740877,Frequency distribution of antimalarial drug-resistant alleles among isolates of Plasmodium falciparum in Purworejo district,Amodiaquine,pfcrt 76T,100,NA,2.732807047323149e-5,99.09909909909908
Indonesia,SEA,1.13,97.52,Global Pf Parasite Rate,Malaria:202206_Global_Pf_Parasite_Rate,"Proportion of Children 2 to 10 years of age showing, on a given year, detectable Plasmodium falciparum parasite",2005,9.667624339959602e-11,17760967,0,Nias archipelago,2005,2005,pfcrt 76T,76,75,75,Syafruddin D,2007,http://www.pubmedcentral.nih.gov/articlerender.fcgi?artid=2014775&tool=pmcentrez&rendertype=abstract,NA,17760967,"Malaria prevalence in Nias District, North Sumatra Province, Indonesia.",Amodiaquine,pfcrt 76T,100,NA,9.667624339959602e-9,98.68421052631578
Iran,Asia,25.29,60.64,Global Pf Parasite Rate,Malaria:202206_Global_Pf_Parasite_Rate,"Proportion of Children 2 to 10 years of age showing, on a given year, detectable Plasmodium falciparum parasite",2002,0,16490179,0,Chabahar City,2001,2002,pfcrt 76T,88,87,87,Ursing J,2006,http://www.ncbi.nlm.nih.gov/pubmed/16490179,NA,16490179,Quinoline resistance associated polymorphisms in the pfcrt,Amodiaquine,pfcrt 76T,99,NA,0,98.86363636363636
Iran,Asia,25.29,60.64,Global Pf Parasite Rate,Malaria:202206_Global_Pf_Parasite_Rate,"Proportion of Children 2 to 10 years of age showing, on a given year, detectable Plasmodium falciparum parasite",2005,0,17999755,1,Chabahar,2003,2005,pfcrt 76T,152,149,149,Zakeri S,2007,http://www.pubmedcentral.nih.gov/articlerender.fcgi?artid=2214731&tool=pmcentrez&rendertype=abstract,NA,17999755,Prevalence of mutations associated with antimalarial drugs in Plasmodium falciparum isolates prior to the introduction of sulphadoxine-pyrimethamine as first-line treatment in Iran.,Amodiaquine,pfcrt 76T,98,NA,0,98.02631578947368
Iran,Asia,25.29,60.64,Global Pf Parasite Rate,Malaria:202206_Global_Pf_Parasite_Rate,"Proportion of Children 2 to 10 years of age showing, on a given year, detectable Plasmodium falciparum parasite",2005,0,18385361,0,Chabahar district,2002,2005,pfcrt 76T,175,171,171,Zakeri S,2008,http://www.ncbi.nlm.nih.gov/pubmed/18385361,Clinical CQ data available.,18385361,Association of pfcrt but not pfmdr1 alleles with chloroquine resistance in Iranian isolates of Plasmodium falciparum.,Amodiaquine,pfcrt 76T,98,NA,0,97.71428571428572
Iran,Asia,26.63,61.26,Global Pf Parasite Rate,Malaria:202206_Global_Pf_Parasite_Rate,"Proportion of Children 2 to 10 years of age showing, on a given year, detectable Plasmodium falciparum parasite",2005,0,17999755,2,Sarbaz,2003,2005,pfcrt 76T,54,53,53,Zakeri S,2007,http://www.pubmedcentral.nih.gov/articlerender.fcgi?artid=2214731&tool=pmcentrez&rendertype=abstract,NA,17999755,Prevalence of mutations associated with antimalarial drugs in Plasmodium falciparum isolates prior to the introduction of sulphadoxine-pyrimethamine as first-line treatment in Iran.,Amodiaquine,pfcrt 76T,98,NA,0,98.14814814814817
Kenya,East Africa,-0.18,34.38,Global Pf Parasite Rate,Malaria:202206_Global_Pf_Parasite_Rate,"Proportion of Children 2 to 10 years of age showing, on a given year, detectable Plasmodium falciparum parasite",2001,0.6526237726211548,22096496,2,Asembo,2001,2001,pfcrt 76T,242,198,198,"Monica Shah, Simon Kariuki, Jodi Vanden Eng, Anna J. Blackstock, Kimberly Garner, Wangeci Gatei, John E. Gimnig, Kim Lindblade, Dianne Terlouw, Feiko ter Kuile, William A. Hawley, Penelope Phillips-Howard, Bernard Nahlen, Edward Walker, Mary J. Hamel, Laurence Slutsker, Ya Ping Shi",2011,http://www.pubmedcentral.nih.gov/articlerender.fcgi?artid=3214025&tool=pmcentrez&rendertype=abstract,Post ITN intervention prevalence,22096496,Effect of transmission reduction by insecticide-treated bednets (ITNs) on antimalarial drug resistance in western Kenya.,Amodiaquine,pfcrt 76T,82,I,65.26237726211548,81.81818181818183
Kenya,East Africa,-0.06,34.24,Global Pf Parasite Rate,Malaria:202206_Global_Pf_Parasite_Rate,"Proportion of Children 2 to 10 years of age showing, on a given year, detectable Plasmodium falciparum parasite",2003,0.6711243987083435,16271310,0,Siaya district,2003,2003,pfcrt 76T,93,72,72,Holmgren G,2006,http://www.ncbi.nlm.nih.gov/pubmed/16271310,Clinical AQ data and post-treatment genotypes,16271310,Amodiaquine resistant Plasmodium falciparum malaria in vivo is associated with selection of pfcrt 76T and pfmdr1 86Y.,Amodiaquine,pfcrt 76T,77,I,67.11243987083435,77.41935483870968
Kenya,East Africa,0.28,34.75,Global Pf Parasite Rate,Malaria:202206_Global_Pf_Parasite_Rate,"Proportion of Children 2 to 10 years of age showing, on a given year, detectable Plasmodium falciparum parasite",2003,0.6080369353294373,614,5,Kakamega,2003,2003,pfcrt 76T,53,34,45,"Hemming-Schroeder E, Umukoro E, Lo E, Fung B, TomÃ¡s-Domingo P, Zhou G, Zhong D, Dixit A, Atieli H, Githeko A, Vardo-Zalik A, Yan G.",2018,https://www.ncbi.nlm.nih.gov/pubmed/?term=29363453,asymptomatic,29363453,"Impacts of Antimalarial Drugs on Plasmodium falciparum Drug Resistance Markers, Western Kenya, 2003-2015.",Amodiaquine,pfcrt 76T,95,NA,60.803693532943726,64.15094339622641
Kenya,East Africa,-0.04,34.55,Global Pf Parasite Rate,Malaria:202206_Global_Pf_Parasite_Rate,"Proportion of Children 2 to 10 years of age showing, on a given year, detectable Plasmodium falciparum parasite",2005,0.298454612493515,18671871,3,Kombewa,2005,2005,pfcrt 76T,200,168,190,Zhong D,2008,http://www.pubmedcentral.nih.gov/articlerender.fcgi?artid=2533336&tool=pmcentrez&rendertype=abstract,Stratification asymptomatic vs. Symptomatic i,18671871,Molecular epidemiology of drug-resistant malaria in western Kenya highlands.,Amodiaquine,pfcrt 76T,95,NA,29.8454612493515,84
Kenya,East Africa,-0.04,34.55,Global Pf Parasite Rate,Malaria:202206_Global_Pf_Parasite_Rate,"Proportion of Children 2 to 10 years of age showing, on a given year, detectable Plasmodium falciparum parasite",2005,0.298454612493515,614,2,Kombewa,2005,2005,pfcrt 76T,61,41,49,"Hemming-Schroeder E, Umukoro E, Lo E, Fung B, TomÃ¡s-Domingo P, Zhou G, Zhong D, Dixit A, Atieli H, Githeko A, Vardo-Zalik A, Yan G.",2018,https://www.ncbi.nlm.nih.gov/pubmed/?term=29363453,asymptomatic,29363453,"Impacts of Antimalarial Drugs on Plasmodium falciparum Drug Resistance Markers, Western Kenya, 2003-2015.",Amodiaquine,pfcrt 76T,88,NA,29.8454612493515,67.21311475409836
Kenya,East Africa,0.28,34.75,Global Pf Parasite Rate,Malaria:202206_Global_Pf_Parasite_Rate,"Proportion of Children 2 to 10 years of age showing, on a given year, detectable Plasmodium falciparum parasite",2005,0.19982437789440155,18671871,2,Kakamega,2005,2005,pfcrt 76T,200,163,178,Zhong D,2008,http://www.pubmedcentral.nih.gov/articlerender.fcgi?artid=2533336&tool=pmcentrez&rendertype=abstract,Stratification asymptomatic vs. symptomatic i,18671871,Molecular epidemiology of drug-resistant malaria in western Kenya highlands.,Amodiaquine,pfcrt 76T,89,NA,19.982437789440155,81.5
Kenya,East Africa,0.28,34.75,Global Pf Parasite Rate,Malaria:202206_Global_Pf_Parasite_Rate,"Proportion of Children 2 to 10 years of age showing, on a given year, detectable Plasmodium falciparum parasite",2005,0.19982437789440155,614,6,Kakamega,2005,2005,pfcrt 76T,106,81,95,"Hemming-Schroeder E, Umukoro E, Lo E, Fung B, TomÃ¡s-Domingo P, Zhou G, Zhong D, Dixit A, Atieli H, Githeko A, Vardo-Zalik A, Yan G.",2018,https://www.ncbi.nlm.nih.gov/pubmed/?term=29363453,asymptomatic,29363453,"Impacts of Antimalarial Drugs on Plasmodium falciparum Drug Resistance Markers, Western Kenya, 2003-2015.",Amodiaquine,pfcrt 76T,95,NA,19.982437789440155,76.41509433962264
Kenya,East Africa,-0.09,34.77,Global Pf Parasite Rate,Malaria:202206_Global_Pf_Parasite_Rate,"Proportion of Children 2 to 10 years of age showing, on a given year, detectable Plasmodium falciparum parasite",2005,0.24521037936210632,21106088,0,Kisumu,2003,2005,pfcrt 76T,244,237,237,Spalding MD,2010,http://www.pubmedcentral.nih.gov/articlerender.fcgi?artid=3001743&tool=pmcentrez&rendertype=abstract,Results from an additional study was presente,21106088,"Increased prevalence of the pfdhfr/phdhps quintuple mutant and rapid emergence of pfdhps resistance mutations at codons 581 and 613 in Kisumu, Kenya.",Amodiaquine,pfcrt 76T,97,I,24.521037936210632,97.1311475409836
Kenya,East Africa,-0.09,34.77,Global Pf Parasite Rate,Malaria:202206_Global_Pf_Parasite_Rate,"Proportion of Children 2 to 10 years of age showing, on a given year, detectable Plasmodium falciparum parasite",2005,0.24521037936210632,21106088,0,Kisumu,2003,2005,pfcrt 76T,244,237,237,Spalding MD,2010,http://www.pubmedcentral.nih.gov/articlerender.fcgi?artid=3001743&tool=pmcentrez&rendertype=abstract,Results from an additional study was presente,21106088,"Increased prevalence of the pfdhfr/phdhps quintuple mutant and rapid emergence of pfdhps resistance mutations at codons 581 and 613 in Kisumu, Kenya.",Amodiaquine,pfcrt 76T,97,I,24.521037936210632,97.1311475409836
Kenya,East Africa,-0.68,34.77,Global Pf Parasite Rate,Malaria:202206_Global_Pf_Parasite_Rate,"Proportion of Children 2 to 10 years of age showing, on a given year, detectable Plasmodium falciparum parasite",2005,0.07876604050397873,18671871,1,Kisii,2005,2005,pfcrt 76T,200,145,163,Zhong D,2008,http://www.pubmedcentral.nih.gov/articlerender.fcgi?artid=2533336&tool=pmcentrez&rendertype=abstract,Stratification asymptomatic vs. symptomatic i,18671871,Molecular epidemiology of drug-resistant malaria in western Kenya highlands.,Amodiaquine,pfcrt 76T,82,NA,7.876604050397873,72.5
Lao People's Democratic Republic,SEA,14.94,107.1,Global Pf Parasite Rate,Malaria:202206_Global_Pf_Parasite_Rate,"Proportion of Children 2 to 10 years of age showing, on a given year, detectable Plasmodium falciparum parasite",2001,0.03646837919950485,12950663,0,Attapeu Province,2001,2001,pfcrt 76T,67,63,65,Berens N,2003,http://www.ncbi.nlm.nih.gov/pubmed/12950663,"Clinical CQ, SP and CQ+SP data.",12950663,Plasmodium falciparum: correlation of in vivo resistance to chloroquine and antifolates with genetic polymorphisms in isolates from the south of Lao PDR.,Amodiaquine,pfcrt 76T,97,NA,3.646837919950485,94.02985074626866
Lao People's Democratic Republic,SEA,20.29,100.71,Global Pf Parasite Rate,Malaria:202206_Global_Pf_Parasite_Rate,"Proportion of Children 2 to 10 years of age showing, on a given year, detectable Plasmodium falciparum parasite",2004,0.0019327463814988732,17620628,1,"North: Bokeo, Huaphanh, Luangphrabang, Luangnamtha, Phongsaly, Oudomxay, Vientiane, Xiengkhuang and",2001,2004,pfcrt 76T,196,196,196,Mayxay M,2007,http://www.ajtmh.org/content/77/1/36.long,"Clinical CQ, SP, CQ+SP data available. Mixes",17620628,Combined molecular and clinical assessment of Plasmodium falciparum antimalarial drug resistance in the Lao People's Democratic Republic (Laos).,Amodiaquine,pfcrt 76T,100,NA,0.19327463814988732,100
Lao People's Democratic Republic,SEA,20.95,101.4,Global Pf Parasite Rate,Malaria:202206_Global_Pf_Parasite_Rate,"Proportion of Children 2 to 10 years of age showing, on a given year, detectable Plasmodium falciparum parasite",2004,0.0069474889896810055,16359407,0,Luang Namtha,2003,2004,pfcrt 76T,81,81,81,Dittrich S,2005,http://www.ncbi.nlm.nih.gov/pubmed/16359407,NA,16359407,Falciparum malaria in the north of Laos: the occurrence and implications of the Plasmodium falciparum chloroquine resistance transporter (pfcrt) gene haplotype SVMNT.,Amodiaquine,pfcrt 76T,100,NA,0.6947488989681005,100
Lao People's Democratic Republic,SEA,16.51,105.59,Global Pf Parasite Rate,Malaria:202206_Global_Pf_Parasite_Rate,"Proportion of Children 2 to 10 years of age showing, on a given year, detectable Plasmodium falciparum parasite",2004,0.009132049977779388,17297031,0,Savannakhet Province,2003,2004,pfcrt 76T,53,48,48,Mayxay M,2007,http://www.ncbi.nlm.nih.gov/pubmed/17297031,In vitro data available.,17297031,In vitro antimalarial drug susceptibility and pfcrt mutation among fresh Plasmodium falciparum isolates from the Lao PDR (Laos).,Amodiaquine,pfcrt 76T,91,NA,0.9132049977779388,90.56603773584906
Lao People's Democratic Republic,SEA,16.51,105.59,Global Pf Parasite Rate,Malaria:202206_Global_Pf_Parasite_Rate,"Proportion of Children 2 to 10 years of age showing, on a given year, detectable Plasmodium falciparum parasite",2004,0.009132049977779388,17620628,3,"South: Savannakhet, Attapeu, Champassack, Saravane, Sekong",2001,2004,pfcrt 76T,603,494,494,Mayxay M,2007,http://www.ajtmh.org/content/77/1/36.long,"Clinical CQ, SP, CQ+SP data available. Mixes",17620628,Combined molecular and clinical assessment of Plasmodium falciparum antimalarial drug resistance in the Lao People's Democratic Republic (Laos).,Amodiaquine,pfcrt 76T,82,NA,0.9132049977779388,81.92371475953566
Madagascar,East Africa,-14.65,49.65,Global Pf Parasite Rate,Malaria:202206_Global_Pf_Parasite_Rate,"Proportion of Children 2 to 10 years of age showing, on a given year, detectable Plasmodium falciparum parasite",2002,0.3112635910511017,16442577,2,Andapa,2001,2002,pfcrt 76T,132,2,5,Randrianarivelojosia M,2007,http://www.ncbi.nlm.nih.gov/pmc/articles/PMC2944659/,Pregnant women,16442577,First evidence of pfcrt mutant Plasmodium falciparum in Madagascar.,Amodiaquine,pfcrt 76T,4,NA,31.12635910511017,1.5151515151515151
Madagascar,East Africa,-18.77,46.05,Global Pf Parasite Rate,Malaria:202206_Global_Pf_Parasite_Rate,"Proportion of Children 2 to 10 years of age showing, on a given year, detectable Plasmodium falciparum parasite",2002,0.11371602863073349,16442577,0,Tsiroanomandidy,2002,2002,pfcrt 76T,51,1,1,Randrianarivelojosia M,2007,http://www.ncbi.nlm.nih.gov/pmc/articles/PMC2944659/,NA,16442577,First evidence of pfcrt mutant Plasmodium falciparum in Madagascar.,Amodiaquine,pfcrt 76T,2,NA,11.371602863073347,1.96078431372549
Madagascar,East Africa,-21.82,47.33,Global Pf Parasite Rate,Malaria:202206_Global_Pf_Parasite_Rate,"Proportion of Children 2 to 10 years of age showing, on a given year, detectable Plasmodium falciparum parasite",2004,0.06291463226079941,17556614,1,Saharevo,2004,2004,pfcrt 76T,64,0,0,Rason MA,2007,http://www.ncbi.nlm.nih.gov/pubmed/17556614,In vitro data available.,17556614,Prevalent pfmdr1 n86y mutant Plasmodium falciparum in Madagascar despite absence of pfcrt mutant strains.,Amodiaquine,pfcrt 76T,0,NA,6.291463226079941,0
Malawi,Southern Africa,-15.89,34.97,Global Pf Parasite Rate,Malaria:202206_Global_Pf_Parasite_Rate,"Proportion of Children 2 to 10 years of age showing, on a given year, detectable Plasmodium falciparum parasite",2004,0.21101520955562592,17553226,2,"Mpemba, Madziabango",2004,2004,pfcrt 76T,60,0,21,Juliano JJ,2007,http://www.ncbi.nlm.nih.gov/pubmed/17553226,Pregnant women. Genotyping by heteroduplex tr,17553226,"Minority-variant pfcrt K76T mutations and chloroquine resistance, Malawi.",Amodiaquine,pfcrt 76T,35,NA,21.10152095556259,0
Malawi,Southern Africa,-15.79,35.01,Global Pf Parasite Rate,Malaria:202206_Global_Pf_Parasite_Rate,"Proportion of Children 2 to 10 years of age showing, on a given year, detectable Plasmodium falciparum parasite",2004,0.1825326681137085,17556619,0,Blantyre,2003,2004,pfcrt 76T,56,0,0,Nkhoma S,2007,http://www.ncbi.nlm.nih.gov/pubmed/17556619,In vitro data available.,17556619,In vitro antimalarial susceptibility profile and prcrt/pfmdr-1 genotypes of Plasmodium falciparum field isolates from Malawi.,Amodiaquine,pfcrt 76T,0,NA,18.25326681137085,0
Malawi,Southern Africa,-15.79,35.01,Global Pf Parasite Rate,Malaria:202206_Global_Pf_Parasite_Rate,"Proportion of Children 2 to 10 years of age showing, on a given year, detectable Plasmodium falciparum parasite",2005,0.1296924501657486,18270569,0,Blantyre,2003,2005,pfcrt 76T,244,0,0,Bell DJ,2008,http://www.pubmedcentral.nih.gov/articlerender.fcgi?artid=2229666&tool=pmcentrez&rendertype=abstract,Clinical SP and SP combinations data and post,18270569,"Sulfadoxine-pyrimethamine-based combinations for malaria: a randomised blinded trial to compare efficacy, safety and selection of resistance in Malawi.",Amodiaquine,pfcrt 76T,0,NA,12.96924501657486,0
Malawi,Southern Africa,-15.79,35.01,Global Pf Parasite Rate,Malaria:202206_Global_Pf_Parasite_Rate,"Proportion of Children 2 to 10 years of age showing, on a given year, detectable Plasmodium falciparum parasite",2005,0.1296924501657486,20662717,2,Blantyre,2005,2005,pfcrt 76T,210,0,0,Laufer MK,2010,http://www.ncbi.nlm.nih.gov/pmc/articles/PMC3380613/pdf/nihms371461.pdf,Pfcrt-flanking microsatellites analysed.,20662717,Return of chloroquine-susceptible falciparum malaria in Malawi was a reexpansion of diverse susceptible parasites.,Amodiaquine,pfcrt 76T,0,NA,12.96924501657486,0
Mali,West Africa,11.88,-8.45,Global Pf Parasite Rate,Malaria:202206_Global_Pf_Parasite_Rate,"Proportion of Children 2 to 10 years of age showing, on a given year, detectable Plasmodium falciparum parasite",2003,0.39650294184684753,21300016,0,"Kangaba, Kela",2001,2003,pfcrt 76T,579,384,384,Wélé M,2011,http://www.ncbi.nlm.nih.gov/pubmed/21300016,Case control study: severe vs non severe mala,21300016,High frequency of PfCRT 76T in two Malian villages and its prevalence in severe relative to non-severe malaria.,Amodiaquine,pfcrt 76T,66,I,39.65029418468475,66.32124352331607
Mali,West Africa,12.65,-8,Global Pf Parasite Rate,Malaria:202206_Global_Pf_Parasite_Rate,"Proportion of Children 2 to 10 years of age showing, on a given year, detectable Plasmodium falciparum parasite",2003,0.251830130815506,20041947,0,Multiple sites,2002,2003,pfcrt 76T,951,804,804,Djimdé AA,2011,http://www.ncbi.nlm.nih.gov/pmc/articles/PMC3050054/pdf/nihms165707.pdf,Data/numerator not specified by site.,20041947,A molecular map of chloroquine resistance in Mali.,Amodiaquine,pfcrt 76T,85,I,25.1830130815506,84.54258675078864
Mali,West Africa,12.61,-8.14,Global Pf Parasite Rate,Malaria:202206_Global_Pf_Parasite_Rate,"Proportion of Children 2 to 10 years of age showing, on a given year, detectable Plasmodium falciparum parasite",2003,0.4452325701713562,19245687,1,Bamako,2002,2003,pfcrt 76T,127,108,108,"Tekete M, Djimde AA, Beavogui AH, Maiga H, Sagara I, Fofana B, Ouologuem D, Dama S, Kone A, Dembele D, Wele M, Dicko A, Doumbo OK",2009,http://www.ncbi.nlm.nih.gov/pubmed/?term=19245687,NA,19245687,"Efficacy of chloroquine, amodiaquine and sulphadoxine-pyrimethamine for the treatment of uncomplicated falciparum malaria: revisiting molecular markers in an area of emerging AQ and SP resistance in Mali.",Amodiaquine,pfcrt 76T,85,NA,44.52325701713562,85.03937007874016
Mali,West Africa,10.78,-6.92,Global Pf Parasite Rate,Malaria:202206_Global_Pf_Parasite_Rate,"Proportion of Children 2 to 10 years of age showing, on a given year, detectable Plasmodium falciparum parasite",2004,0.4166281521320343,18337343,0,Bougoula-Hameau,2002,2004,pfcrt 76T,170,128,128,Djimdé AA,2008,http://www.ncbi.nlm.nih.gov/pubmed/18337343,"Clinical ASAQ, AS+SP data and post-treatment",18337343,"Efficacy, safety, and selection of molecular markers of drug resistance by two ACTs in Mali.",Amodiaquine,pfcrt 76T,75,I,41.66281521320343,75.29411764705883
Mali,West Africa,12.61,-8.14,Global Pf Parasite Rate,Malaria:202206_Global_Pf_Parasite_Rate,"Proportion of Children 2 to 10 years of age showing, on a given year, detectable Plasmodium falciparum parasite",2004,0.42161825299263,19245687,2,Bamako,2003,2004,pfcrt 76T,172,111,111,"Tekete M, Djimde AA, Beavogui AH, Maiga H, Sagara I, Fofana B, Ouologuem D, Dama S, Kone A, Dembele D, Wele M, Dicko A, Doumbo OK",2009,http://www.ncbi.nlm.nih.gov/pubmed/?term=19245687,NA,19245687,"Efficacy of chloroquine, amodiaquine and sulphadoxine-pyrimethamine for the treatment of uncomplicated falciparum malaria: revisiting molecular markers in an area of emerging AQ and SP resistance in Mali.",Amodiaquine,pfcrt 76T,85,NA,42.161825299263,64.53488372093024
Mozambique,Southern Africa,-24.7,32.5,Global Pf Parasite Rate,Malaria:202206_Global_Pf_Parasite_Rate,"Proportion of Children 2 to 10 years of age showing, on a given year, detectable Plasmodium falciparum parasite",2002,0.6744423508644104,18590577,1,Maciana,2001,2002,pfcrt 76T,171,159,159,Enosse S,2008,http://www.pubmedcentral.nih.gov/articlerender.fcgi?artid=2481262&tool=pmcentrez&rendertype=abstract,NA,18590577,"Rapid increase of Plasmodium falciparum dhfr/dhps resistant haplotypes, after the adoption of sulphadoxine-pyrimethamine as first line treatment in 2002, in southern Mozambique.",Amodiaquine,pfcrt 76T,95,NA,67.44423508644104,92.98245614035088
Mozambique,Southern Africa,-24.7,32.5,Global Pf Parasite Rate,Malaria:202206_Global_Pf_Parasite_Rate,"Proportion of Children 2 to 10 years of age showing, on a given year, detectable Plasmodium falciparum parasite",2003,0.609366774559021,18590577,2,Maciana,2003,2003,pfcrt 76T,173,165,165,Enosse S,2008,http://www.pubmedcentral.nih.gov/articlerender.fcgi?artid=2481262&tool=pmcentrez&rendertype=abstract,NA,18590577,"Rapid increase of Plasmodium falciparum dhfr/dhps resistant haplotypes, after the adoption of sulphadoxine-pyrimethamine as first line treatment in 2002, in southern Mozambique.",Amodiaquine,pfcrt 76T,95,NA,60.9366774559021,95.3757225433526
Niger,West Africa,13.52,2.11,Global Pf Parasite Rate,Malaria:202206_Global_Pf_Parasite_Rate,"Proportion of Children 2 to 10 years of age showing, on a given year, detectable Plasmodium falciparum parasite",2003,0.16306902468204498,17409009,0,Niamey,2003,2003,pfcrt 76T,88,40,40,Ibrahim ML,2007,http://www.ncbi.nlm.nih.gov/pubmed/17409009,Severe malaria,17409009,Field-based evidence for the linkage of pfcrt and pfdhfr drug-resistant malaria genotypes and clinical profiles of severe malaria in Niger.,Amodiaquine,pfcrt 76T,45,I,16.3069024682045,45.45454545454545
Nigeria,West Africa,7.4,3.92,Global Pf Parasite Rate,Malaria:202206_Global_Pf_Parasite_Rate,"Proportion of Children 2 to 10 years of age showing, on a given year, detectable Plasmodium falciparum parasite",2004,0.31675952672958374,22302850,1,Ibadan,2004,2004,pfcrt 76T,70,55,55,Gbotosho GO,2012,http://www.pubmedcentral.nih.gov/articlerender.fcgi?artid=3269269&tool=pmcentrez&rendertype=abstract,Not clear how mixed infections were accounted,22302850,Different patterns of pfcrt and pfmdr1 polymorphisms in P. falciparum isolates from Nigeria and Brazil: the potential role of antimalarial drug selection pressure.,Amodiaquine,pfcrt 76T,79,NA,31.675952672958378,78.57142857142857
Nigeria,West Africa,7.4,3.92,Global Pf Parasite Rate,Malaria:202206_Global_Pf_Parasite_Rate,"Proportion of Children 2 to 10 years of age showing, on a given year, detectable Plasmodium falciparum parasite",2004,0.31675952672958374,16874478,0,Ibadan,2002,2004,pfcrt 76T,111,63,89,Happi CT,2006,http://www.ncbi.nlm.nih.gov/pubmed/16874478,Clinical CQ data and post-treatment genotype,16874478,Linkage disequilibrium between two distinct loci in chromosomes 5 and 7 of Plasmodium falciparum and in vivo chloroquine resistance in Southwest Nigeria.,Amodiaquine,pfcrt 76T,80,NA,31.675952672958378,56.75675675675676
Nigeria,West Africa,7.4,3.92,Global Pf Parasite Rate,Malaria:202206_Global_Pf_Parasite_Rate,"Proportion of Children 2 to 10 years of age showing, on a given year, detectable Plasmodium falciparum parasite",2005,0.31027185916900635,16837724,0,Ibadan,2005,2005,pfcrt 76T,101,63,79,Happi CT,2006,http://www.ncbi.nlm.nih.gov/pubmed/16837724,Clinical AQ data available.,16837724,Association between mutations in Plasmodium falciparum chloroquine resistance transporter and P. falciparum multidrug resistance 1 genes and in vivo amodiaquine resistance in P. falciparum malaria-infected children in Nigeria.,Amodiaquine,pfcrt 76T,78,NA,31.027185916900635,62.37623762376238
Nigeria,West Africa,7.4,3.92,Global Pf Parasite Rate,Malaria:202206_Global_Pf_Parasite_Rate,"Proportion of Children 2 to 10 years of age showing, on a given year, detectable Plasmodium falciparum parasite",2005,0.31027185916900635,19953193,0,Ibadan,2005,2005,pfcrt 76T,78,47,55,Folarin OA,2008,http://www.ncbi.nlm.nih.gov/pmc/articles/PMC2785046/pdf/nihms75070.pdf,In vitro data available.,19953193,"Chloroquine Resistant Plasmodium falciparum in Nigeria: Relationship between pfcrt and pfmdr1 Polymorphisms, In-Vitro Resistance and Treatment Outcome.",Amodiaquine,pfcrt 76T,71,NA,31.027185916900635,60.256410256410255
Nigeria,West Africa,7.77,4.56,Global Pf Parasite Rate,Malaria:202206_Global_Pf_Parasite_Rate,"Proportion of Children 2 to 10 years of age showing, on a given year, detectable Plasmodium falciparum parasite",2005,0.3271143138408661,17428334,0,Osogbo,2004,2005,pfcrt 76T,116,86,105,Ojurongbe O,2007,http://www.pubmedcentral.nih.gov/articlerender.fcgi?artid=1855061&tool=pmcentrez&rendertype=abstract,Clinical CQ data and post-treatment genotypes,17428334,"Rapid detection of Pfcrt and Pfmdr1 mutations in Plasmodium falciparum isolates by FRET and in vivo response to chloroquine among children from Osogbo, Nigeria.",Amodiaquine,pfcrt 76T,91,NA,32.71143138408661,74.13793103448276
Papua New Guinea,Oceania,-3.58,142.77,Global Pf Parasite Rate,Malaria:202206_Global_Pf_Parasite_Rate,"Proportion of Children 2 to 10 years of age showing, on a given year, detectable Plasmodium falciparum parasite",2000,0.303874671459198,18411325,1,"Dreikikir, Wosera, Liksul",1996,2000,pfcrt 76T,143,88,88,Mehlotra RK,2008,http://www.pubmedcentral.nih.gov/articlerender.fcgi?artid=2415780&tool=pmcentrez&rendertype=abstract,NA,18411325,Discordant patterns of genetic variation at two chloroquine resistance loci in worldwide populations of the malaria parasite Plasmodium falciparum.,Amodiaquine,pfcrt 76T,62,NA,30.3874671459198,61.53846153846154
Papua New Guinea,Oceania,-4.46,143.22,Global Pf Parasite Rate,Malaria:202206_Global_Pf_Parasite_Rate,"Proportion of Children 2 to 10 years of age showing, on a given year, detectable Plasmodium falciparum parasite",2003,0.014887833036482334,20053293,4,"South Wosera_x000d_
South Wosera",2003,2003,pfcrt 76T,106,98,98,Marfurt J,2010,http://www.pubmedcentral.nih.gov/articlerender.fcgi?artid=2820042&tool=pmcentrez&rendertype=abstract,NA,20053293,Plasmodium falciparum resistance to anti-malarial drugs in Papua New Guinea: evaluation of a community-based approach for the molecular monitoring of resistance.,Amodiaquine,pfcrt 76T,99,NA,1.4887833036482334,92.45283018867924
Papua New Guinea,Oceania,-4.46,143.22,Global Pf Parasite Rate,Malaria:202206_Global_Pf_Parasite_Rate,"Proportion of Children 2 to 10 years of age showing, on a given year, detectable Plasmodium falciparum parasite",2003,0.014887833036482334,17376240,0,Wosera,2001,2003,pfcrt 76T,595,486,538,DaRe JT,2007,http://www.pubmedcentral.nih.gov/articlerender.fcgi?artid=1838424&tool=pmcentrez&rendertype=abstract,Pfcrt flanking microsatellites analysed.,17376240,Microsatellite polymorphism within pfcrt provides evidence of continuing evolution of chloroquine-resistant alleles in Papua New Guinea.,Amodiaquine,pfcrt 76T,90,NA,1.4887833036482334,81.68067226890756
Papua New Guinea,Oceania,-4.46,143.22,Global Pf Parasite Rate,Malaria:202206_Global_Pf_Parasite_Rate,"Proportion of Children 2 to 10 years of age showing, on a given year, detectable Plasmodium falciparum parasite",2003,0.014887833036482334,17121999,0,Wosera,2001,2003,pfcrt 76T,452,371,391,Carnevale EP,2007,http://www.pubmedcentral.nih.gov/articlerender.fcgi?artid=1829096&tool=pmcentrez&rendertype=abstract,NA,17121999,A multiplex ligase detection reaction-fluorescent microsphere assay for simultaneous detection of single nucleotide polymorphisms associated with Plasmodium falciparum drug resistance.,Amodiaquine,pfcrt 76T,87,NA,1.4887833036482334,82.07964601769912
Papua New Guinea,Oceania,-3.58,143.65,Global Pf Parasite Rate,Malaria:202206_Global_Pf_Parasite_Rate,"Proportion of Children 2 to 10 years of age showing, on a given year, detectable Plasmodium falciparum parasite",2003,0.00002960802157758735,16620743,0,Wewak,2002,2003,pfcrt 76T,113,105,111,Mita T,2006,http://www.ncbi.nlm.nih.gov/pubmed/16620743,In vitro data available.,16620743,Role of pfmdr1 mutations on chloroquine resistance in Plasmodium falciparum isolates with pfcrt K76T from Papua New Guinea.,Amodiaquine,pfcrt 76T,98,NA,0.00296080215775873,92.92035398230088
Papua New Guinea,Oceania,-4.46,144.82,Global Pf Parasite Rate,Malaria:202206_Global_Pf_Parasite_Rate,"Proportion of Children 2 to 10 years of age showing, on a given year, detectable Plasmodium falciparum parasite",2003,0.057814985513687134,20053293,1,Karimui,2003,2003,pfcrt 76T,93,92,92,Marfurt J,2010,http://www.pubmedcentral.nih.gov/articlerender.fcgi?artid=2820042&tool=pmcentrez&rendertype=abstract,"Clinical data of AQ, CQ+SP",20053293,Plasmodium falciparum resistance to anti-malarial drugs in Papua New Guinea: evaluation of a community-based approach for the molecular monitoring of resistance.,Amodiaquine,pfcrt 76T,92,NA,5.781498551368713,98.9247311827957
Papua New Guinea,Oceania,-4.98,145.78,Global Pf Parasite Rate,Malaria:202206_Global_Pf_Parasite_Rate,"Proportion of Children 2 to 10 years of age showing, on a given year, detectable Plasmodium falciparum parasite",2004,0.000167701713507995,20053293,6,North Coast Madang,2004,2004,pfcrt 76T,119,107,109,Marfurt J,2010,http://www.pubmedcentral.nih.gov/articlerender.fcgi?artid=2820042&tool=pmcentrez&rendertype=abstract,NA,20053293,Plasmodium falciparum resistance to anti-malarial drugs in Papua New Guinea: evaluation of a community-based approach for the molecular monitoring of resistance.,Amodiaquine,pfcrt 76T,92,NA,0.0167701713507995,89.91596638655463
Papua New Guinea,Oceania,-4.46,143.22,Global Pf Parasite Rate,Malaria:202206_Global_Pf_Parasite_Rate,"Proportion of Children 2 to 10 years of age showing, on a given year, detectable Plasmodium falciparum parasite",2004,0.01453348807990551,20053293,5,South Wosera,2004,2004,pfcrt 76T,95,93,94,Marfurt J,2010,http://www.pubmedcentral.nih.gov/articlerender.fcgi?artid=2820042&tool=pmcentrez&rendertype=abstract,NA,20053293,Plasmodium falciparum resistance to anti-malarial drugs in Papua New Guinea: evaluation of a community-based approach for the molecular monitoring of resistance.,Amodiaquine,pfcrt 76T,99,NA,1.453348807990551,97.89473684210527
Papua New Guinea,Oceania,-4.46,144.82,Global Pf Parasite Rate,Malaria:202206_Global_Pf_Parasite_Rate,"Proportion of Children 2 to 10 years of age showing, on a given year, detectable Plasmodium falciparum parasite",2004,0.057948313653469086,20053293,2,Karimui,2004,2004,pfcrt 76T,70,70,70,Marfurt J,2010,http://www.pubmedcentral.nih.gov/articlerender.fcgi?artid=2820042&tool=pmcentrez&rendertype=abstract,NA,20053293,Plasmodium falciparum resistance to anti-malarial drugs in Papua New Guinea: evaluation of a community-based approach for the molecular monitoring of resistance.,Amodiaquine,pfcrt 76T,92,NA,5.794831365346909,100
Papua New Guinea,Oceania,-4.46,144.82,Global Pf Parasite Rate,Malaria:202206_Global_Pf_Parasite_Rate,"Proportion of Children 2 to 10 years of age showing, on a given year, detectable Plasmodium falciparum parasite",2004,0.057948313653469086,18423045,0,"Karimui, South Wosera",2003,2004,pfcrt 76T,174,158,160,Marfurt J,2008,http://www.pubmedcentral.nih.gov/articlerender.fcgi?artid=2377269&tool=pmcentrez&rendertype=abstract,Clinical AQ+SP data and post-treatment genoty,18423045,The usefulness of twenty-four molecular markers in predicting treatment outcome with combination therapy of amodiaquine plus sulphadoxine-pyrimethamine against falciparum malaria in Papua New Guinea.,Amodiaquine,pfcrt 76T,92,NA,5.794831365346909,90.80459770114942
Papua New Guinea,Oceania,-4.46,144.82,Global Pf Parasite Rate,Malaria:202206_Global_Pf_Parasite_Rate,"Proportion of Children 2 to 10 years of age showing, on a given year, detectable Plasmodium falciparum parasite",2005,0.05072769150137901,20053293,3,Karimui,2005,2005,pfcrt 76T,128,115,118,Marfurt J,2010,http://www.pubmedcentral.nih.gov/articlerender.fcgi?artid=2820042&tool=pmcentrez&rendertype=abstract,NA,20053293,Plasmodium falciparum resistance to anti-malarial drugs in Papua New Guinea: evaluation of a community-based approach for the molecular monitoring of resistance.,Amodiaquine,pfcrt 76T,92,NA,5.072769150137901,89.84375
Sao Tome and Principe,Central Africa,0.33,6.73,Global Pf Parasite Rate,Malaria:202206_Global_Pf_Parasite_Rate,"Proportion of Children 2 to 10 years of age showing, on a given year, detectable Plasmodium falciparum parasite",2004,0.6000000238418579,17313506,0,Sao Tomé,2004,2004,pfcrt 76T,70,70,70,Ferreira ID,2007,http://www.ncbi.nlm.nih.gov/pubmed/17313506,"In vitro data on AQ, ARM and AS available.",17313506,"In vitro assessment of artesunate, artemether and amodiaquine susceptibility and molecular analysis of putative resistance-associated mutations of Plasmodium falciparum from São Tomé and Príncipe.",Amodiaquine,pfcrt 76T,100,NA,60.00000238418579,100
Senegal,West Africa,14.75,-17.4,Global Pf Parasite Rate,Malaria:202206_Global_Pf_Parasite_Rate,"Proportion of Children 2 to 10 years of age showing, on a given year, detectable Plasmodium falciparum parasite",2001,0.026827603578567505,22706959,2,Pikine,2001,2001,pfcrt 76T,53,36,36,Ly O,2012,http://www.ncbi.nlm.nih.gov/pubmed/22706959,In vitro data,22706959,"Evolution of the pfcrt T76 and pfmdr1 Y86 markers and chloroquine susceptibility 8 years after cessation of chloroquine use in Pikine, Senegal.",Amodiaquine,pfcrt 76T,82,NA,2.6827603578567505,67.9245283018868
Senegal,West Africa,14.78,-17.38,Global Pf Parasite Rate,Malaria:202206_Global_Pf_Parasite_Rate,"Proportion of Children 2 to 10 years of age showing, on a given year, detectable Plasmodium falciparum parasite",2001,0.024171825498342514,18682531,0,Guediawaye,2000,2001,pfcrt 76T,69,27,63,Niang M,2008,http://www.ncbi.nlm.nih.gov/pubmed/18682531,Presented results refer to parasite genotypes,18682531,"Accumulation of CVIET Pfcrt allele of Plasmodium falciparum in placenta of pregnant women living in an urban area of Dakar, Senegal.",Amodiaquine,pfcrt 76T,91,NA,2.4171825498342514,39.130434782608695
Senegal,West Africa,14.75,-17.4,Global Pf Parasite Rate,Malaria:202206_Global_Pf_Parasite_Rate,"Proportion of Children 2 to 10 years of age showing, on a given year, detectable Plasmodium falciparum parasite",2002,0.0268393624573946,22706959,3,Pikine,2002,2002,pfcrt 76T,79,53,53,Ly O,2012,http://www.ncbi.nlm.nih.gov/pubmed/22706959,NA,22706959,"Evolution of the pfcrt T76 and pfmdr1 Y86 markers and chloroquine susceptibility 8 years after cessation of chloroquine use in Pikine, Senegal.",Amodiaquine,pfcrt 76T,82,NA,2.68393624573946,67.08860759493672
Senegal,West Africa,14.75,-17.4,Global Pf Parasite Rate,Malaria:202206_Global_Pf_Parasite_Rate,"Proportion of Children 2 to 10 years of age showing, on a given year, detectable Plasmodium falciparum parasite",2003,0.041625577956438065,22706959,4,Pikine,2003,2003,pfcrt 76T,70,53,53,Ly O,2012,http://www.ncbi.nlm.nih.gov/pubmed/22706959,NA,22706959,"Evolution of the pfcrt T76 and pfmdr1 Y86 markers and chloroquine susceptibility 8 years after cessation of chloroquine use in Pikine, Senegal.",Amodiaquine,pfcrt 76T,82,NA,4.1625577956438065,75.71428571428571
Senegal,West Africa,14.75,-17.4,Global Pf Parasite Rate,Malaria:202206_Global_Pf_Parasite_Rate,"Proportion of Children 2 to 10 years of age showing, on a given year, detectable Plasmodium falciparum parasite",2004,0.030653785914182663,22706959,5,Pikine,2004,2004,pfcrt 76T,79,51,51,Ly O,2012,http://www.ncbi.nlm.nih.gov/pubmed/22706959,NA,22706959,"Evolution of the pfcrt T76 and pfmdr1 Y86 markers and chloroquine susceptibility 8 years after cessation of chloroquine use in Pikine, Senegal.",Amodiaquine,pfcrt 76T,82,NA,3.0653785914182663,64.55696202531645
Senegal,West Africa,14.75,-17.4,Global Pf Parasite Rate,Malaria:202206_Global_Pf_Parasite_Rate,"Proportion of Children 2 to 10 years of age showing, on a given year, detectable Plasmodium falciparum parasite",2004,0.030653785914182663,18523801,0,Pikine,2004,2004,pfcrt 76T,68,40,40,Sarr O,2008,http://www.pubmedcentral.nih.gov/articlerender.fcgi?artid=2583234&tool=pmcentrez&rendertype=abstract,Clinical data AQ+SP available.,18523801,"Mutations in PFCRT K76T do not correlate with sulfadoxine-pyrimethamine-amodiaquine failure in Pikine, Senegal.",Amodiaquine,pfcrt 76T,59,I,3.0653785914182663,58.82352941176471
Senegal,West Africa,14.75,-17.4,Global Pf Parasite Rate,Malaria:202206_Global_Pf_Parasite_Rate,"Proportion of Children 2 to 10 years of age showing, on a given year, detectable Plasmodium falciparum parasite",2005,0.027869854122400284,22706959,6,Pikine,2005,2005,pfcrt 76T,98,32,32,Ly O,2012,http://www.ncbi.nlm.nih.gov/pubmed/22706959,NA,22706959,"Evolution of the pfcrt T76 and pfmdr1 Y86 markers and chloroquine susceptibility 8 years after cessation of chloroquine use in Pikine, Senegal.",Amodiaquine,pfcrt 76T,82,NA,2.7869854122400284,32.6530612244898
Solomon Islands,Oceania,-8,159,Global Pf Parasite Rate,Malaria:202206_Global_Pf_Parasite_Rate,"Proportion of Children 2 to 10 years of age showing, on a given year, detectable Plasmodium falciparum parasite",2005,0.38042140007019043,20925934,0,Tetere,2004,2005,pfcrt 76T,62,62,62,Ballif M,2010,http://www.pubmedcentral.nih.gov/articlerender.fcgi?artid=2959069&tool=pmcentrez&rendertype=abstract,Asymptomatic,20925934,Monitoring of malaria parasite resistance to chloroquine and sulphadoxine-pyrimethamine in the Solomon Islands by DNA microarray technology.,Amodiaquine,pfcrt 76T,100,NA,38.04214000701904,100
South Sudan,East Africa,4.84,31.58,Global Pf Parasite Rate,Malaria:202206_Global_Pf_Parasite_Rate,"Proportion of Children 2 to 10 years of age showing, on a given year, detectable Plasmodium falciparum parasite",2001,0.36875471472740173,13677373,0,NA,2001,2001,pfcrt 76T,85,26,26,Ochong EO,2003,http://www.ncbi.nlm.nih.gov/pubmed/13677373,Clinical CQ and AQ data available.,13677373,Short report: association between chloroquine and amodiaquine resistance and allelic variation in the Plasmodium falciparum multiple drug resistance 1 gene and the chloroquine resistance transporter gene in isolates from the upper Nile in southern Sudan.,Amodiaquine,pfcrt 76T,31,NA,36.87547147274017,30.58823529411765
Sudan,East Africa,15.62,32.64,Global Pf Parasite Rate,Malaria:202206_Global_Pf_Parasite_Rate,"Proportion of Children 2 to 10 years of age showing, on a given year, detectable Plasmodium falciparum parasite",2001,0.009619023650884628,16171768,2,Haj Yousif,2001,2001,pfcrt 76T,78,78,78,Tagelsir N,2006,http://www.ncbi.nlm.nih.gov/pubmed/16171768,Clinical CQ data available.,16171768,High frequency of Plasmodium falciparum PfCRT K76T and PfpghN86Y in patients clearing infection after chloroquine treatment in the Sudan.,Amodiaquine,pfcrt 76T,100,NA,0.9619023650884628,100
Sudan,East Africa,14.03,35.38,Global Pf Parasite Rate,Malaria:202206_Global_Pf_Parasite_Rate,"Proportion of Children 2 to 10 years of age showing, on a given year, detectable Plasmodium falciparum parasite",2001,0.08362725377082825,16171768,1,Gadaref,2001,2001,pfcrt 76T,81,78,81,Tagelsir N,2006,http://www.ncbi.nlm.nih.gov/pubmed/16171768,Clinical CQ data available.,16171768,High frequency of Plasmodium falciparum PfCRT K76T and PfpghN86Y in patients clearing infection after chloroquine treatment in the Sudan.,Amodiaquine,pfcrt 76T,100,NA,8.362725377082825,96.29629629629628
Sudan,East Africa,14.04,35.39,Global Pf Parasite Rate,Malaria:202206_Global_Pf_Parasite_Rate,"Proportion of Children 2 to 10 years of age showing, on a given year, detectable Plasmodium falciparum parasite",2001,0.08362725377082825,16336938,0,Gedarif Hospital,2000,2001,pfcrt 76T,100,80,81,Giha HA,2006,http://www.ncbi.nlm.nih.gov/pubmed/16336938,Stratification of genotypes in mild vs. Sever,16336938,Drug resistance-virulence relationship in Plasmodium falciparum causing severe malaria in an area of seasonal and unstable transmission.,Amodiaquine,pfcrt 76T,81,NA,8.362725377082825,80
Sudan,East Africa,9.54,30.41,Global Pf Parasite Rate,Malaria:202206_Global_Pf_Parasite_Rate,"Proportion of Children 2 to 10 years of age showing, on a given year, detectable Plasmodium falciparum parasite",2002,0.181036576628685,14641841,0,Akuem,2002,2002,pfcrt 76T,97,56,64,Anderson TJC,2003,http://www.ncbi.nlm.nih.gov/pubmed/14641841,NA,14641841,Molecular assessment of drug resistance in Plasmodium falciparum from Bahr El Gazal province,Amodiaquine,pfcrt 76T,66,NA,18.1036576628685,57.73195876288659
Sudan,East Africa,16.09,30.09,Global Pf Parasite Rate,Malaria:202206_Global_Pf_Parasite_Rate,"Proportion of Children 2 to 10 years of age showing, on a given year, detectable Plasmodium falciparum parasite",2003,0.02502094954252243,18373107,0,Daraweesh,2003,2003,pfcrt 76T,168,157,157,A-Elbasit IE,2008,http://www.ncbi.nlm.nih.gov/pubmed/18373107,"Clinical data SP, SP+CQ available.",18373107,"High frequency of Plasmodium falciparum CICNI/SGEAA and CVIET haplotypes without association with resistance to sulfadoxine/pyrimethamine and chloroquine combination in the Daraweesh area, in Sudan.",Amodiaquine,pfcrt 76T,93,NA,2.502094954252243,93.45238095238096
Sudan,East Africa,11.18,30.18,Global Pf Parasite Rate,Malaria:202206_Global_Pf_Parasite_Rate,"Proportion of Children 2 to 10 years of age showing, on a given year, detectable Plasmodium falciparum parasite",2003,0.059916190803050995,15869770,0,Limun village,2003,2003,pfcrt 76T,160,127,144,Hamour S,2005,http://www.ncbi.nlm.nih.gov/pubmed/15869770,"Clinical AS+SP, AS+AQ data available.",15869770,Malaria in the Nuba Mountains of Sudan: baseline genotypic resistance and efficacy of the artesunate plus sulfadoxine-pyrimethamine and artesunate plus amodiaquine combinations.,Amodiaquine,pfcrt 76T,90,NA,5.9916190803050995,79.375
Suriname,South America,5.85,-55.2,Global Pf Parasite Rate,Malaria:202206_Global_Pf_Parasite_Rate,"Proportion of Children 2 to 10 years of age showing, on a given year, detectable Plasmodium falciparum parasite",2004,0,16282289,0,Multiple,2003,2004,pfcrt 76T,72,72,72,Peek R,2005,http://www.ncbi.nlm.nih.gov/pubmed/16282289,NA,16282289,Drug resistance and genetic diversity of Plasmodium falciparum parasites from suriname.,Amodiaquine,pfcrt 76T,100,NA,0,100
Tanzania,East Africa,-6.31,34.85,Global Pf Parasite Rate,Malaria:202206_Global_Pf_Parasite_Rate,"Proportion of Children 2 to 10 years of age showing, on a given year, detectable Plasmodium falciparum parasite",2003,0.22987951338291168,16703518,3,Kwamasimba,2003,2003,pfcrt 76T,57,47,56,Alifrangis M,2006,http://www.ncbi.nlm.nih.gov/pubmed/16703518,NA,16703518,Occurrence of the Southeast Asian/South American SVMNT haplotype of the chloroquine-resistance transporter gene in Plasmodium falciparum in Tanzania.,Amodiaquine,pfcrt 76T,98,NA,22.987951338291168,82.45614035087719
Tanzania,East Africa,-6.17,39.2,Global Pf Parasite Rate,Malaria:202206_Global_Pf_Parasite_Rate,"Proportion of Children 2 to 10 years of age showing, on a given year, detectable Plasmodium falciparum parasite",2003,0.20063228905200958,17467344,2,NA,2002,2003,pfcrt 76T,201,193,193,Holmgren G,2007,http://www.ncbi.nlm.nih.gov/pubmed/17467344,Clinical ASAQ data and post-treatment genotyp,17467344,Selection of pfmdr1 mutations after amodiaquine monotherapy and amodiaquine plus artemisinin combination therapy in East Africa.,Amodiaquine,pfcrt 76T,96,I,20.06322890520096,96.01990049751244
Tanzania,East Africa,-6.17,39.2,Global Pf Parasite Rate,Malaria:202206_Global_Pf_Parasite_Rate,"Proportion of Children 2 to 10 years of age showing, on a given year, detectable Plasmodium falciparum parasite",2003,0.20063228905200958,16163624,0,"Micheweni, Kivunge",2002,2003,pfcrt 76T,396,383,383,Mårtensson A,2005,http://www.ncbi.nlm.nih.gov/pubmed/16163624,Clinical AS+AQ and AL data and post-treatment,16163624,Efficacy of artesunate plus amodiaquine versus that of artemether-lumefantrine for the treatment of uncomplicated childhood Plasmodium falciparum malaria in Zanzibar,Amodiaquine,pfcrt 76T,97,I,20.06322890520096,96.71717171717172
Tanzania,East Africa,-6.17,39.2,Global Pf Parasite Rate,Malaria:202206_Global_Pf_Parasite_Rate,"Proportion of Children 2 to 10 years of age showing, on a given year, detectable Plasmodium falciparum parasite",2003,0.20063228905200958,15717281,0,"Micheweni, Kivunge",2002,2003,pfcrt 76T,189,184,185,Sisowath C,2005,http://www.ncbi.nlm.nih.gov/pubmed/15717281,Post-treatment (AL) genotype data available.,15717281,In vivo selection of Plasmodium falciparum pfmdr1 86N coding alleles by artemether-lumefantrine (Coartem).,Amodiaquine,pfcrt 76T,98,NA,20.06322890520096,97.35449735449735
Tanzania,East Africa,-5.02,32.8,Global Pf Parasite Rate,Malaria:202206_Global_Pf_Parasite_Rate,"Proportion of Children 2 to 10 years of age showing, on a given year, detectable Plasmodium falciparum parasite",2003,0.16340245306491852,16703518,1,Mkokola,2003,2003,pfcrt 76T,99,63,96,Alifrangis M,2006,http://www.ncbi.nlm.nih.gov/pubmed/16703518,NA,16703518,Occurrence of the Southeast Asian/South American SVMNT haplotype of the chloroquine-resistance transporter gene in Plasmodium falciparum in Tanzania.,Amodiaquine,pfcrt 76T,98,NA,16.340245306491852,63.63636363636363
Tanzania,East Africa,-5.02,32.8,Global Pf Parasite Rate,Malaria:202206_Global_Pf_Parasite_Rate,"Proportion of Children 2 to 10 years of age showing, on a given year, detectable Plasmodium falciparum parasite",2003,0.16340245306491852,19346369,1,"Mkokola, Kwamasimba",2003,2003,pfcrt 76T,159,109,151,Alifrangis M,2009,http://www.ajtmh.org/content/80/4/523.long,NA,19346369,"Five-year surveillance of molecular markers of Plasmodium falciparum antimalarial drug resistance in Korogwe District, Tanzania: accumulation of the 581G mutation in the P. falciparum dihydropteroate synthase gene.",Amodiaquine,pfcrt 76T,97,NA,16.340245306491852,68.55345911949685
Tanzania,East Africa,-5.18,38.79,Global Pf Parasite Rate,Malaria:202206_Global_Pf_Parasite_Rate,"Proportion of Children 2 to 10 years of age showing, on a given year, detectable Plasmodium falciparum parasite",2004,0.5323069095611572,17194834,0,Muheza,2002,2004,pfcrt 76T,236,203,231,Humphreys GS,2007,http://www.pubmedcentral.nih.gov/articlerender.fcgi?artid=1803116&tool=pmcentrez&rendertype=abstract,"Clinical AQ, AQ+SP, ASAQ, AL data and post-tr",17194834,Amodiaquine and artemether-lumefantrine select distinct alleles of the Plasmodium falciparum mdr1 gene in Tanzanian children treated for uncomplicated malaria.,Amodiaquine,pfcrt 76T,98,NA,53.23069095611572,86.01694915254238
Tanzania,East Africa,-6.4,38.67,Global Pf Parasite Rate,Malaria:202206_Global_Pf_Parasite_Rate,"Proportion of Children 2 to 10 years of age showing, on a given year, detectable Plasmodium falciparum parasite",2004,0.48223215341567993,19210165,0,Fukayosi,2004,2004,pfcrt 76T,102,53,53,Sisowath C,2009,http://www.pubmedcentral.nih.gov/articlerender.fcgi?artid=2718568&tool=pmcentrez&rendertype=abstract,Clinical data AL. Post-treatment genotypes av,19210165,In vivo selection of Plasmodium falciparum parasites carrying the chloroquine-susceptible pfcrt K76 allele after treatment with artemether-lumefantrine in Africa.,Amodiaquine,pfcrt 76T,52,NA,48.22321534156799,51.9607843137255
Tanzania,East Africa,-5.02,32.8,Global Pf Parasite Rate,Malaria:202206_Global_Pf_Parasite_Rate,"Proportion of Children 2 to 10 years of age showing, on a given year, detectable Plasmodium falciparum parasite",2004,0.15405133366584778,16703518,2,Mkokola,2004,2004,pfcrt 76T,123,80,120,Alifrangis M,2006,http://www.ncbi.nlm.nih.gov/pubmed/16703518,NA,16703518,Occurrence of the Southeast Asian/South American SVMNT haplotype of the chloroquine-resistance transporter gene in Plasmodium falciparum in Tanzania.,Amodiaquine,pfcrt 76T,98,NA,15.405133366584778,65.04065040650406
Tanzania,East Africa,-5.02,32.8,Global Pf Parasite Rate,Malaria:202206_Global_Pf_Parasite_Rate,"Proportion of Children 2 to 10 years of age showing, on a given year, detectable Plasmodium falciparum parasite",2004,0.15405133366584778,19346369,2,"Mkokola, Kwamasimba",2004,2004,pfcrt 76T,163,103,158,Alifrangis M,2009,http://www.ajtmh.org/content/80/4/523.long,NA,19346369,"Five-year surveillance of molecular markers of Plasmodium falciparum antimalarial drug resistance in Korogwe District, Tanzania: accumulation of the 581G mutation in the P. falciparum dihydropteroate synthase gene.",Amodiaquine,pfcrt 76T,97,NA,15.405133366584778,63.190184049079754
Tanzania,East Africa,-5.18,38.79,Global Pf Parasite Rate,Malaria:202206_Global_Pf_Parasite_Rate,"Proportion of Children 2 to 10 years of age showing, on a given year, detectable Plasmodium falciparum parasite",2005,0.4678456485271454,25890383,3,Muheza,2005,2005,pfcrt 76T,76,68,70,Gadalla N,2015,http://www.ncbi.nlm.nih.gov/pubmed/25890383,NA,25890383,"Prevalence of Plasmodium falciparum anti-malarial resistance-associated polymorphisms in pfcrt, pfmdr1 and pfnhe1 in Muheza, Tanzania, prior to introduction of artemisinin combination therapy.",Amodiaquine,pfcrt 76T,100,NA,46.78456485271454,89.47368421052632
Tanzania,East Africa,-6.17,39.2,Global Pf Parasite Rate,Malaria:202206_Global_Pf_Parasite_Rate,"Proportion of Children 2 to 10 years of age showing, on a given year, detectable Plasmodium falciparum parasite",2005,0.049419812858104706,17467344,3,NA,2005,2005,pfcrt 76T,177,170,170,Holmgren G,2007,http://www.ncbi.nlm.nih.gov/pubmed/17467344,Clinical ASAQ data and post-treatment genotyp,17467344,Selection of pfmdr1 mutations after amodiaquine monotherapy and amodiaquine plus artemisinin combination therapy in East Africa.,Amodiaquine,pfcrt 76T,96,I,4.941981285810471,96.045197740113
Tanzania,East Africa,-6.17,39.2,Global Pf Parasite Rate,Malaria:202206_Global_Pf_Parasite_Rate,"Proportion of Children 2 to 10 years of age showing, on a given year, detectable Plasmodium falciparum parasite",2005,0.049419812858104706,25917493,1,"Micheweni, North A",2005,2005,pfcrt 76T,119,105,119,Morris U,2015,http://www.ncbi.nlm.nih.gov/pubmed/25917493,Asymptomatic,25917493,"Characterising temporal trends in asymptomatic Plasmodium infections and transporter polymorphisms during transition from high to low transmission in Zanzibar, 2005-2013",Amodiaquine,pfcrt 76T,100,NA,4.941981285810471,88.23529411764706
Tanzania,East Africa,-8.9,33.45,Global Pf Parasite Rate,Malaria:202206_Global_Pf_Parasite_Rate,"Proportion of Children 2 to 10 years of age showing, on a given year, detectable Plasmodium falciparum parasite",2005,0.032487593591213226,17224049,0,"Mbeya, Matema",2004,2005,pfcrt 76T,86,37,43,Schönfeld M,2007,http://www.pubmedcentral.nih.gov/articlerender.fcgi?artid=1781949&tool=pmcentrez&rendertype=abstract,NA,17224049,Molecular surveillance of drug-resistance associated mutations of Plasmodium falciparum in south-west Tanzania.,Amodiaquine,pfcrt 76T,50,NA,3.248759359121322,43.02325581395349
Thailand,SEA,16.88,99.13,Global Pf Parasite Rate,Malaria:202206_Global_Pf_Parasite_Rate,"Proportion of Children 2 to 10 years of age showing, on a given year, detectable Plasmodium falciparum parasite",2003,0.00009915282862493768,16045457,1,"Tak, Chanthaburi",2001,2003,pfcrt 76T,100,99,99,Congpuong K,2005,http://www.ncbi.nlm.nih.gov/pubmed/16045457,In vitro data available.,16045457,Molecular epidemiology of drug resistance markers of Plasmodium falciparum malaria in Thailand.,Amodiaquine,pfcrt 76T,99,NA,0.00991528286249376,99
Thailand,SEA,14.02,99.53,Global Pf Parasite Rate,Malaria:202206_Global_Pf_Parasite_Rate,"Proportion of Children 2 to 10 years of age showing, on a given year, detectable Plasmodium falciparum parasite",2003,0,21320353,0,"Kanchanaburi, Tak, Ratchaburi, Ranong and Chantaburi Provinces",1998,2003,pfcrt 76T,95,95,95,Chaijaroenkul W,2011,http://www.pubmedcentral.nih.gov/articlerender.fcgi?artid=3055224&tool=pmcentrez&rendertype=abstract,New pfcrt SNPs and deletions identified in on,21320353,Sequence and gene expression of chloroquine resistance transporter (pfcrt) in the association of in vitro drugs resistance of Plasmodium falciparum.,Amodiaquine,pfcrt 76T,100,NA,0,100
Thailand,SEA,9.95,98.61,Global Pf Parasite Rate,Malaria:202206_Global_Pf_Parasite_Rate,"Proportion of Children 2 to 10 years of age showing, on a given year, detectable Plasmodium falciparum parasite",2003,0.0011058334494009614,16045457,3,"Ranong, Chiengmai",2001,2003,pfcrt 76T,119,119,119,Congpuong K,2005,http://www.ncbi.nlm.nih.gov/pubmed/16045457,In vitro data available.,16045457,Molecular epidemiology of drug resistance markers of Plasmodium falciparum malaria in Thailand.,Amodiaquine,pfcrt 76T,100,NA,0.11058334494009614,100
Thailand,SEA,13.73,100.52,Global Pf Parasite Rate,Malaria:202206_Global_Pf_Parasite_Rate,"Proportion of Children 2 to 10 years of age showing, on a given year, detectable Plasmodium falciparum parasite",2004,0,18950599,0,Thai borders,2002,2004,pfcrt 76T,110,109,109,Rungsihirunrat K,2009,http://www.ncbi.nlm.nih.gov/pubmed/18950599,In vitro data.,18950599,Association between chloroquine resistance phenotypes and point mutations in pfcrt and pfmdr1 in Plasmodium falciparum isolates from Thailand.,Amodiaquine,pfcrt 76T,99,NA,0,99.0909090909091
Timor-Leste,SEA,-8.55,125.57,Global Pf Parasite Rate,Malaria:202206_Global_Pf_Parasite_Rate,"Proportion of Children 2 to 10 years of age showing, on a given year, detectable Plasmodium falciparum parasite",2005,0.037585049867630005,19358729,2,"Dili, Suai, Liquiça, Same, Viqueque, Lospalos",2004,2005,pfcrt 76T,59,59,59,de Almeida A,2009,http://www.pubmedcentral.nih.gov/articlerender.fcgi?artid=2672086&tool=pmcentrez&rendertype=abstract,NA,19358729,Analysis of genetic mutations associated with anti-malarial drug resistance in Plasmodium falciparum from the Democratic Republic of East Timor.,Amodiaquine,pfcrt 76T,100,NA,3.758504986763001,100
Uganda,East Africa,-0.82,29.74,Global Pf Parasite Rate,Malaria:202206_Global_Pf_Parasite_Rate,"Proportion of Children 2 to 10 years of age showing, on a given year, detectable Plasmodium falciparum parasite",2004,0.3305756449699402,16518760,1,Kanungu,2002,2004,pfcrt 76T,80,75,80,Francis D,2006,http://www.ncbi.nlm.nih.gov/pubmed/16518760,Publication compares efficacy by transmission,16518760,Geographic differences in antimalarial drug efficacy in Uganda are explained by differences in endemicity and not by known molecular markers of drug resistance.,Amodiaquine,pfcrt 76T,100,NA,33.05756449699402,93.75
Uganda,East Africa,0.56,31.4,Global Pf Parasite Rate,Malaria:202206_Global_Pf_Parasite_Rate,"Proportion of Children 2 to 10 years of age showing, on a given year, detectable Plasmodium falciparum parasite",2004,0.4014941453933716,16518760,2,Mubende,2002,2004,pfcrt 76T,80,77,80,Francis D,2006,http://www.ncbi.nlm.nih.gov/pubmed/16518760,Publication compares efficacy by transmission,16518760,Geographic differences in antimalarial drug efficacy in Uganda are explained by differences in endemicity and not by known molecular markers of drug resistance.,Amodiaquine,pfcrt 76T,100,NA,40.14941453933716,96.25
Uganda,East Africa,3.03,30.91,Global Pf Parasite Rate,Malaria:202206_Global_Pf_Parasite_Rate,"Proportion of Children 2 to 10 years of age showing, on a given year, detectable Plasmodium falciparum parasite",2004,0.40068519115448,16518760,4,Arua,2002,2004,pfcrt 76T,80,69,77,Francis D,2006,http://www.ncbi.nlm.nih.gov/pubmed/16518760,Publication compares efficacy by transmission,16518760,Geographic differences in antimalarial drug efficacy in Uganda are explained by differences in endemicity and not by known molecular markers of drug resistance.,Amodiaquine,pfcrt 76T,96,NA,40.068519115448,86.25
Uganda,East Africa,0.42,33.2,Global Pf Parasite Rate,Malaria:202206_Global_Pf_Parasite_Rate,"Proportion of Children 2 to 10 years of age showing, on a given year, detectable Plasmodium falciparum parasite",2004,0.3367863893508911,16518760,3,Jinja,2002,2004,pfcrt 76T,80,78,79,Francis D,2006,http://www.ncbi.nlm.nih.gov/pubmed/16518760,Publication compares efficacy by transmission,16518760,Geographic differences in antimalarial drug efficacy in Uganda are explained by differences in endemicity and not by known molecular markers of drug resistance.,Amodiaquine,pfcrt 76T,99,NA,33.67863893508911,97.5
Uganda,East Africa,0.69,34.18,Global Pf Parasite Rate,Malaria:202206_Global_Pf_Parasite_Rate,"Proportion of Children 2 to 10 years of age showing, on a given year, detectable Plasmodium falciparum parasite",2004,0.8842926621437073,17562798,0,Tororo,2004,2004,pfcrt 76T,180,180,180,Nsobya SL,2007,http://www.pubmedcentral.nih.gov/articlerender.fcgi?artid=1932488&tool=pmcentrez&rendertype=abstract,Clinical ASAQ data and post-treatment genotyp,17562798,Resistance-mediating Plasmodium falciparum pfcrt and pfmdr1 alleles after treatment with artesunate-amodiaquine in Uganda.,Amodiaquine,pfcrt 76T,100,NA,88.42926621437073,100
Uganda,East Africa,0.69,34.18,Global Pf Parasite Rate,Malaria:202206_Global_Pf_Parasite_Rate,"Proportion of Children 2 to 10 years of age showing, on a given year, detectable Plasmodium falciparum parasite",2004,0.8842926621437073,16518760,5,Tororo,2002,2004,pfcrt 76T,80,79,80,Francis D,2006,http://www.ncbi.nlm.nih.gov/pubmed/16518760,Publication compares efficacy by transmission,16518760,Geographic differences in antimalarial drug efficacy in Uganda are explained by differences in endemicity and not by known molecular markers of drug resistance.,Amodiaquine,pfcrt 76T,100,NA,88.42926621437073,98.75
Uganda,East Africa,1.98,32.53,Global Pf Parasite Rate,Malaria:202206_Global_Pf_Parasite_Rate,"Proportion of Children 2 to 10 years of age showing, on a given year, detectable Plasmodium falciparum parasite",2004,0.5260011553764343,16518760,6,Apac,2002,2004,pfcrt 76T,346,238,332,Francis D,2006,http://www.ncbi.nlm.nih.gov/pubmed/16518760,Publication compares efficacy by transmission,16518760,Geographic differences in antimalarial drug efficacy in Uganda are explained by differences in endemicity and not by known molecular markers of drug resistance.,Amodiaquine,pfcrt 76T,96,NA,52.60011553764343,68.78612716763006
Venezuela,South America,8.09,-63.55,Global Pf Parasite Rate,Malaria:202206_Global_Pf_Parasite_Rate,"Proportion of Children 2 to 10 years of age showing, on a given year, detectable Plasmodium falciparum parasite",2000,0.0027939060237258673,12452494,0,Ciudad Bolivar,1998,2000,pfcrt 76T,168,167,167,Contreras CE,2002,http://www.ncbi.nlm.nih.gov/pubmed/12452494,NA,12452494,Genetics of drug-resistant Plasmodium falciparum malaria in the Venezuelan state of Bolivar.,Amodiaquine,pfcrt 76T,99,NA,0.2793906023725867,99.40476190476193
Venezuela,South America,6.98,-61.14,Global Pf Parasite Rate,Malaria:202206_Global_Pf_Parasite_Rate,"Proportion of Children 2 to 10 years of age showing, on a given year, detectable Plasmodium falciparum parasite",2004,0.001681992202065885,20145087,0,Sifontes,2003,2004,pfcrt 76T,89,89,89,Griffing S,2010,http://www.pubmedcentral.nih.gov/articlerender.fcgi?artid=2849383&tool=pmcentrez&rendertype=abstract,Pfcrt and pfmdr1 flanking microsatellites ana,20145087,pfmdr1 amplification and fixation of pfcrt chloroquine resistance alleles in Plasmodium falciparum in Venezuela.,Amodiaquine,pfcrt 76T,100,NA,0.1681992202065885,100
Viet nam,SEA,11.75,106.72,Global Pf Parasite Rate,Malaria:202206_Global_Pf_Parasite_Rate,"Proportion of Children 2 to 10 years of age showing, on a given year, detectable Plasmodium falciparum parasite",2001,0.0006701205275021493,19889891,1,Binh Phuoc,2001,2001,pfcrt 76T,82,42,51,Isozumi R,2010,http://www.pubmedcentral.nih.gov/articlerender.fcgi?artid=2812275&tool=pmcentrez&rendertype=abstract,Mixed infections excluded in haplotypes,19889891,Longitudinal survey of Plasmodium falciparum infection in Vietnam: characteristics of antimalarial resistance and their associated factors.,Amodiaquine,pfcrt 76T,62,E,0.06701205275021493,51.21951219512195
Viet nam,SEA,11.75,106.72,Global Pf Parasite Rate,Malaria:202206_Global_Pf_Parasite_Rate,"Proportion of Children 2 to 10 years of age showing, on a given year, detectable Plasmodium falciparum parasite",2001,0.0012224687961861491,19889891,1,Binh Phuoc,2001,2001,pfcrt 76T,82,42,51,Isozumi R,2010,http://www.pubmedcentral.nih.gov/articlerender.fcgi?artid=2812275&tool=pmcentrez&rendertype=abstract,Mixed infections excluded in haplotypes,19889891,Longitudinal survey of Plasmodium falciparum infection in Vietnam: characteristics of antimalarial resistance and their associated factors.,Amodiaquine,pfcrt 76T,62,E,0.12224687961861493,51.21951219512195
Viet nam,SEA,11.75,106.72,Global Pf Parasite Rate,Malaria:202206_Global_Pf_Parasite_Rate,"Proportion of Children 2 to 10 years of age showing, on a given year, detectable Plasmodium falciparum parasite",2002,0.0003883063327521086,19889891,2,Binh Phuoc,2002,2002,pfcrt 76T,100,22,33,Isozumi R,2010,http://www.pubmedcentral.nih.gov/articlerender.fcgi?artid=2812275&tool=pmcentrez&rendertype=abstract,NA,19889891,Longitudinal survey of Plasmodium falciparum infection in Vietnam: characteristics of antimalarial resistance and their associated factors.,Amodiaquine,pfcrt 76T,62,NA,0.03883063327521086,22
Viet nam,SEA,11.75,106.72,Global Pf Parasite Rate,Malaria:202206_Global_Pf_Parasite_Rate,"Proportion of Children 2 to 10 years of age showing, on a given year, detectable Plasmodium falciparum parasite",2002,0.0007419979083351791,19889891,2,Binh Phuoc,2002,2002,pfcrt 76T,100,22,33,Isozumi R,2010,http://www.pubmedcentral.nih.gov/articlerender.fcgi?artid=2812275&tool=pmcentrez&rendertype=abstract,NA,19889891,Longitudinal survey of Plasmodium falciparum infection in Vietnam: characteristics of antimalarial resistance and their associated factors.,Amodiaquine,pfcrt 76T,62,NA,0.07419979083351791,22
Yemen,Asia,13.05,44.88,Global Pf Parasite Rate,Malaria:202206_Global_Pf_Parasite_Rate,"Proportion of Children 2 to 10 years of age showing, on a given year, detectable Plasmodium falciparum parasite",2003,0.08212114125490189,751,1,"Lahj, Governorate",2002,2003,pfcrt 76T,112,109,110,Reem A Mubjer,2011,https://www.ncbi.nlm.nih.gov/pubmed/?term=21854642,NA,21854642,"Molecular markers of anti-malarial drug resistance in Lahj Governorate, Yemen: baseline data and implications.",Amodiaquine,pfcrt 76T,98,NA,8.212114125490189,97.32142857142856
