country,year,CQ,data type,Region,lat,long,displayName,layerName,layerTitle,value,study Id,site number,site,study start,study end,marker type,tested,present,Mixed present,author,publication year,publication URL,title,notes,pubmed Id,drug,marker group,percentage,included or excluded,PR,Prev_DR,CQ_use
Burkina Faso,2003,0.474137439,DHS,West Africa,11.18,-4.29,Global Pf Parasite Rate,Malaria:202206_Global_Pf_Parasite_Rate,"Proportion of Children 2 to 10 years of age showing, on a given year, detectable Plasmodium falciparum parasite",0.6861259937286377,16837725,0,Bobo-Dioulasso,2003,2003,pfmdr1 86Y,110,48,48,Dokomajilar C,2006,http://www.16837725.nlm.nih.gov/pubmed/16837725,Clinical AQ data and post-treatment genotypes,16837725,Roles of specific Plasmodium falciparum mutations in resistance to amodiaquine and sulfadoxine-pyrimethamine in Burkina Faso.,Amodiaquine,pfmdr1 86Y,44,I,68.61259937286377,43.63636363636363,47.4137439
Burkina Faso,2006,0.436923153,MICS,West Africa,11.18,-4.29,Global Pf Parasite Rate,Malaria:202206_Global_Pf_Parasite_Rate,"Proportion of Children 2 to 10 years of age showing, on a given year, detectable Plasmodium falciparum parasite",0.432193398475647,20231394,1,Bobo-Dioulasso,2006,2006,pfmdr1 86Y,150,54,54,Somé AF,2010,http://www.pubmedcentral.nih.gov/articlerender.fcgi?artid=2863637&tool=pmcentrez&rendertype=abstract,"Clinical data AL, DHA-PIP, AQ-SP, post-treatm",20231394,Selection of known Plasmodium falciparum resistance-mediating polymorphisms by artemether-lumefantrine and amodiaquine-sulfadoxine-pyrimethamine but not dihydroartemisinin-piperaquine in Burkina Faso.,Amodiaquine,pfmdr1 86Y,39,I,43.2193398475647,36,43.6923153
Burkina Faso,2010,0.041418251,DHS,West Africa,11.18,-4.29,Global Pf Parasite Rate,Malaria:202206_Global_Pf_Parasite_Rate,"Proportion of Children 2 to 10 years of age showing, on a given year, detectable Plasmodium falciparum parasite",0.2934296429157257,532,1,Bobo-Dioulasso,2009,2010,pfmdr1 86Y,79,24,24,"Zongo I, Milligan P, Compaore YD, Some AF, Greenwood B, Tarning J, Rosenthal PJ, Sutherland C, Nosten F, Ouedraogo JB",2015,http://www.ncbi.nlm.nih.gov/pubmed/?term=25918149,SMC (control group displayed in Surveyor). dhps 108 not added due to wt/mut unclarity,25918149,Randomized Noninferiority Trial of Dihydroartemisinin-Piperaquine Compared with Sulfadoxine-Pyrimethamine plus Amodiaquine for Seasonal Malaria Chemoprevention in Burkina Faso.,Amodiaquine,pfmdr1 86Y,30,NA,29.34296429157257,30.37974683544304,4.1418251
Cambodia,2010,0,DHS,SEA,13.1,103.2,Global Pf Parasite Rate,Malaria:202206_Global_Pf_Parasite_Rate,"Proportion of Children 2 to 10 years of age showing, on a given year, detectable Plasmodium falciparum parasite",0.0027490444481372833,25049252,0,Battambang,2009,2010,pfmdr1 86Y,192,0,0,Lanteri CA,2014,http://www.ncbi.nlm.nih.gov/pubmed/25049252,In vitro data.,25049252,Ex vivo activity of endoperoxide antimalarials,Amodiaquine,pfmdr1 86Y,0,NA,0.27490444481372833,0,0
Cameroon,2000,0.63327329,MICS,Central Africa,3.87,11.52,Global Pf Parasite Rate,Malaria:202206_Global_Pf_Parasite_Rate,"Proportion of Children 2 to 10 years of age showing, on a given year, detectable Plasmodium falciparum parasite",0.5101032257080078,12224572,0,Yaoundé,1997,2000,pfmdr1 86Y,64,56,57,Basco L,2002,http://www.ncbi.nlm.nih.gov/pubmed/12224572,In vitro data available.,12224572,Molecular epidemiology of malaria in Cameroon. X. Evaluation of PFMDR1 mutations as genetic markers for resistance to amino alcohols and artemisinin derivatives.,Amodiaquine,pfmdr1 86Y,89,NA,51.01032257080078,87.5,63.327329
Cameroon,2006,0.049717204,MICS,Central Africa,9.3,13.4,Global Pf Parasite Rate,Malaria:202206_Global_Pf_Parasite_Rate,"Proportion of Children 2 to 10 years of age showing, on a given year, detectable Plasmodium falciparum parasite",0.25752121210098267,20105282,1,Garoua,2004,2006,pfmdr1 86Y,240,53,53,Mbacham WF,2010,http://www.pubmedcentral.nih.gov/articlerender.fcgi?artid=2831903&tool=pmcentrez&rendertype=abstract,"Clinical data AQ, AQSP, SP, mixes removed or",20105282,"Efficacy of amodiaquine, sulphadoxine-pyrimethamine and their combination for the treatment of uncomplicated Plasmodium falciparum malaria in children in Cameroon at the time of policy change to artemisinin-based combination therapy.",Amodiaquine,pfmdr1 86Y,22,I,25.752121210098267,22.083333333333332,4.9717204
Cameroon,2006,0.049717204,MICS,Central Africa,3.87,11.52,Global Pf Parasite Rate,Malaria:202206_Global_Pf_Parasite_Rate,"Proportion of Children 2 to 10 years of age showing, on a given year, detectable Plasmodium falciparum parasite",0.17614232003688812,20105282,3,Yaoundé,2004,2006,pfmdr1 86Y,260,198,198,Mbacham WF,2010,http://www.pubmedcentral.nih.gov/articlerender.fcgi?artid=2831903&tool=pmcentrez&rendertype=abstract,"Clinical data AQ, AQSP, SP, mixes removed or",20105282,"Efficacy of amodiaquine, sulphadoxine-pyrimethamine and their combination for the treatment of uncomplicated Plasmodium falciparum malaria in children in Cameroon at the time of policy change to artemisinin-based combination therapy.",Amodiaquine,pfmdr1 86Y,76,I,17.614232003688812,76.15384615384615,4.9717204
Cameroon,2006,0.049717204,MICS,Central Africa,4.09,9.31,Global Pf Parasite Rate,Malaria:202206_Global_Pf_Parasite_Rate,"Proportion of Children 2 to 10 years of age showing, on a given year, detectable Plasmodium falciparum parasite",0.5394706130027771,20105282,2,Mutengene,2004,2006,pfmdr1 86Y,260,192,192,Mbacham WF,2010,http://www.pubmedcentral.nih.gov/articlerender.fcgi?artid=2831903&tool=pmcentrez&rendertype=abstract,"Clinical data AQ, AQSP, SP, mixes removed or",20105282,"Efficacy of amodiaquine, sulphadoxine-pyrimethamine and their combination for the treatment of uncomplicated Plasmodium falciparum malaria in children in Cameroon at the time of policy change to artemisinin-based combination therapy.",Amodiaquine,pfmdr1 86Y,74,I,53.94706130027771,73.84615384615385,4.9717204
Colombia,2005,9.20183e-4,DHS,South America,8.1,-76.73,Global Pf Parasite Rate,Malaria:202206_Global_Pf_Parasite_Rate,"Proportion of Children 2 to 10 years of age showing, on a given year, detectable Plasmodium falciparum parasite",0.004814071115106344,18426617,0,"Turbo, Necocli, El Bagre, Zaragoza",2004,2005,pfmdr1 86Y,77,0,0,RESTREPO-PINEDA E,2008,http://www.ncbi.nlm.nih.gov/pubmed/18426617,In vitro data available.,18426617,"Studies on antimalarial drug susceptibility in Colombia, in relation to Pfmdr1 and Pfcrt.",Amodiaquine,pfmdr1 86Y,0,NA,0.4814071115106344,0,0.0920183
Ethiopia,2011,0.007897931,DHS,East Africa,9.31,42.12,Global Pf Parasite Rate,Malaria:202206_Global_Pf_Parasite_Rate,"Proportion of Children 2 to 10 years of age showing, on a given year, detectable Plasmodium falciparum parasite",0.044870637357234955,24964730,0,"Omo Nada, Bala Wajo, Arba Minch, Harar",2009,2011,pfmdr1 86Y,195,29,29,Kebede S,2014,http://www.ncbi.nlm.nih.gov/pubmed/24964730,pfcrt haplotypes also available in the public,24964730,Return of chloroquine-sensitive Plasmodium falciparum parasites and emergence of chloroquine-resistant Plasmodium vivax in Ethiopia.,Amodiaquine,pfmdr1 86Y,15,NA,4.4870637357234955,14.871794871794872,0.7897931
Ethiopia,2016,0.001516905,DHS,East Africa,8.96,38.64,Global Pf Parasite Rate,Malaria:202206_Global_Pf_Parasite_Rate,"Proportion of Children 2 to 10 years of age showing, on a given year, detectable Plasmodium falciparum parasite",0,706,8,Addis Ababa,2012,2016,pfmdr1 86Y,4,2,2,"Tao Zhang, Xian Xu, Jingjing Jiang, Chen Yu, Cuicui Tian, and Weidong Li",2018,https://www.ncbi.nlm.nih.gov/pubmed/29436339,Estimated traveler location,29436339,"Surveillance of Antimalarial Resistance Molecular Markers in Imported Plasmodium falciparum Malaria Cases in Anhui, China, 2012-2016.",Amodiaquine,pfmdr1 86Y,50,NA,0,50,0.1516905
Ethiopia,2016,0.001516905,DHS,East Africa,8.96,38.64,Global Pf Parasite Rate,Malaria:202206_Global_Pf_Parasite_Rate,"Proportion of Children 2 to 10 years of age showing, on a given year, detectable Plasmodium falciparum parasite",0,721,8,Adis Ababa,2012,2016,pfmdr1 86Y,5,0,0,"Yang C, Zhou R, Liu Y, Li S, Qian D, Zhao Y, Zhang H, Xu B",2018,https://www.ncbi.nlm.nih.gov/pubmed/?term=30259821,NA,30259821,Molecular investigation of the Pfmdr1 gene of Plasmodium falciparum isolates in Henan Province imported from Africa.,Amodiaquine,pfmdr1 86Y,0,NA,0,0,0.1516905
Ghana,2006,0.390843215,MICS,West Africa,6.45,-1.58,Global Pf Parasite Rate,Malaria:202206_Global_Pf_Parasite_Rate,"Proportion of Children 2 to 10 years of age showing, on a given year, detectable Plasmodium falciparum parasite",0.2547551095485687,24172030,2,"Bekwai, Begoro,Hohoe, Sunyani, Tarkwa, Navrongo, Wa, Yendi, Cape-Coast",2005,2006,pfmdr1 86Y,272,114,114,Duah NO,2013,http://www.pubmedcentral.nih.gov/articlerender.fcgi?artid=3819684&tool=pmcentrez&rendertype=abstract,NA,24172030,Increased pfmdr1 gene copy number and the decline in pfcrt and pfmdr1 resistance alleles in Ghanaian Plasmodium falciparum isolates after the change of anti-malarial drug treatment policy.,Amodiaquine,pfmdr1 86Y,60,I,25.475510954856873,41.911764705882355,39.0843215
Ghana,2014,0.014497693,DHS,West Africa,6.39,-0.38,Global Pf Parasite Rate,Malaria:202206_Global_Pf_Parasite_Rate,"Proportion of Children 2 to 10 years of age showing, on a given year, detectable Plasmodium falciparum parasite",0.28794798254966736,780,1,Begoro,2014,2014,pfmdr1 86Y,78,14,14,"Mensah BA, Aydemir O, Myers-Hansen JL, Opoku M, Hathaway NJ, Marsh PW, Anto F, Bailey J, Abuaku B, Ghansah A.",2020,https://pubmed.ncbi.nlm.nih.gov/31932374/,NA,31932374,Antimalarial Drug Resistance Profiling of Plasmodium falciparum Infections in Ghana Using Molecular Inversion Probes and Next-Generation Sequencing.,Amodiaquine,pfmdr1 86Y,18,I,28.794798254966736,17.94871794871795,1.4497693
Ghana,2014,0.014497693,DHS,West Africa,5.11,-1.25,Global Pf Parasite Rate,Malaria:202206_Global_Pf_Parasite_Rate,"Proportion of Children 2 to 10 years of age showing, on a given year, detectable Plasmodium falciparum parasite",0.2705202102661133,780,5,Cape Coast,2014,2014,pfmdr1 86Y,82,15,15,"Mensah BA, Aydemir O, Myers-Hansen JL, Opoku M, Hathaway NJ, Marsh PW, Anto F, Bailey J, Abuaku B, Ghansah A.",2020,https://pubmed.ncbi.nlm.nih.gov/31932374/,NA,31932374,Antimalarial Drug Resistance Profiling of Plasmodium falciparum Infections in Ghana Using Molecular Inversion Probes and Next-Generation Sequencing.,Amodiaquine,pfmdr1 86Y,18,NA,27.052021026611328,18.29268292682927,1.4497693
Guinea-Bissau,2006,0.316381166,MICS,West Africa,11.88,-15.62,Global Pf Parasite Rate,Malaria:202206_Global_Pf_Parasite_Rate,"Proportion of Children 2 to 10 years of age showing, on a given year, detectable Plasmodium falciparum parasite",0.02790779061615467,25421474,3,Bissau,2006,2006,pfmdr1 86Y,88,37,37,Jovel IT,2015,http://www.ncbi.nlm.nih.gov/pubmed/25421474,NA,25421474,"Temporal and Seasonal Changes of Genetic Polymorphisms Associated with Altered Drug Susceptibility to Chloroquine, Lumefantrine, and Quinine in Guinea-Bissau between 2003 and 2012",Amodiaquine,pfmdr1 86Y,48,I,2.790779061615467,42.04545454545455,31.6381166
Guinea-Bissau,2006,0.316381166,MICS,West Africa,11.87,-15.6,Global Pf Parasite Rate,Malaria:202206_Global_Pf_Parasite_Rate,"Proportion of Children 2 to 10 years of age showing, on a given year, detectable Plasmodium falciparum parasite",0.01807529106736183,19718439,4,Bissau,2006,2006,pfmdr1 86Y,113,49,49,Ursing J,2009,http://www.pubmedcentral.nih.gov/articlerender.fcgi?artid=2729929&tool=pmcentrez&rendertype=abstract,Stratification by month and parasitemia in th,19718439,No seasonal accumulation of resistant P. falciparum when high-dose chloroquine is used.,Amodiaquine,pfmdr1 86Y,43,I,1.8075291067361832,43.36283185840708,31.6381166
India,2005,0.022860046,DHS,Asia,22.95,73.55,Global Pf Parasite Rate,Malaria:202206_Global_Pf_Parasite_Rate,"Proportion of Children 2 to 10 years of age showing, on a given year, detectable Plasmodium falciparum parasite",0.006455628667026758,22236376,6,Gujarat,2005,2005,pfmdr1 86Y,33,1,1,Mallick PK,2012,http://www.pubmedcentral.nih.gov/articlerender.fcgi?artid=3283508&tool=pmcentrez&rendertype=abstract,Post-treatment (CQ) genotypes available,22236376,"Mutant pfcrt ""SVMNT"" haplotype and wild type pfmdr1 ""N86"" are endemic in Plasmodium vivax dominated areas of India under high chloroquine exposure.",Amodiaquine,pfmdr1 86Y,3,NA,0.6455628667026758,3.0303030303030303,2.2860046
India,2015,0.044070058,DHS,Asia,22.87,92.77,Global Pf Parasite Rate,Malaria:202206_Global_Pf_Parasite_Rate,"Proportion of Children 2 to 10 years of age showing, on a given year, detectable Plasmodium falciparum parasite",0.1423872411251068,618,1,"Lunglei, Mizoram",2015,2015,pfmdr1 86Y,84,22,22,"Goomber S, Mishra N, Anvikar A, Yadav CP, Valecha N",2018,NA,NA,29842979,Spatio-temporal distribution of PfMDR1 polymorphism among uncomplicated Plasmodium falciparum malaria cases along international border of north east India.,Amodiaquine,pfmdr1 86Y,26,NA,14.23872411251068,26.190476190476193,4.4070058
India,2015,0.044070058,DHS,Asia,23.93,91.85,Global Pf Parasite Rate,Malaria:202206_Global_Pf_Parasite_Rate,"Proportion of Children 2 to 10 years of age showing, on a given year, detectable Plasmodium falciparum parasite",0.03120138682425022,618,2,"Dhalai, Tripura",2015,2015,pfmdr1 86Y,76,12,12,"Goomber S, Mishra N, Anvikar A, Yadav CP, Valecha N",2018,NA,NA,29842979,Spatio-temporal distribution of PfMDR1 polymorphism among uncomplicated Plasmodium falciparum malaria cases along international border of north east India.,Amodiaquine,pfmdr1 86Y,16,NA,3.120138682425022,15.789473684210526,4.4070058
India,2015,0.044070058,DHS,Asia,25.63,90.09,Global Pf Parasite Rate,Malaria:202206_Global_Pf_Parasite_Rate,"Proportion of Children 2 to 10 years of age showing, on a given year, detectable Plasmodium falciparum parasite",0.028836127370595932,618,3,West Garo Hills,2015,2015,pfmdr1 86Y,30,1,1,"Goomber S, Mishra N, Anvikar A, Yadav CP, Valecha N",2018,NA,NA,29842979,Spatio-temporal distribution of PfMDR1 polymorphism among uncomplicated Plasmodium falciparum malaria cases along international border of north east India.,Amodiaquine,pfmdr1 86Y,3,NA,2.883612737059593,3.3333333333333335,4.4070058
India,2015,0.044070058,DHS,Asia,12.91,74.86,Global Pf Parasite Rate,Malaria:202206_Global_Pf_Parasite_Rate,"Proportion of Children 2 to 10 years of age showing, on a given year, detectable Plasmodium falciparum parasite",0.0005499362014234066,815,1,Mangaluru,2015,2015,pfmdr1 86Y,112,0,0,"Jakob Wedam, Costanza Tacoli, Prabhanjan P. Gai, Konrad Siegert, Suyamindra S. Kulkarni, Rashmi Rasalkar, Archith Boloor, Animesh Jain, Chakrapani Mahabala, Shantaram Baliga, Damodara Shenoy, Rajeshwari Devi, Pramod Gai, and Frank P. Mockenhaupt",2018,doi:10.4269/ajtmh.18-0549,NA,30398146,"Molecular Evidence for Plasmodium falciparum Resistance to Sulfadoxine–Pyrimethamine but Absence of K13 Mutations in Mangaluru, Southwestern India",Amodiaquine,pfmdr1 86Y,0,NA,0.05499362014234066,0,4.4070058
India,2015,0.044070058,DHS,Asia,20.1,80.8,Global Pf Parasite Rate,Malaria:202206_Global_Pf_Parasite_Rate,"Proportion of Children 2 to 10 years of age showing, on a given year, detectable Plasmodium falciparum parasite",0.016314128413796425,605,1,Chhattisgarh,2013,2015,pfmdr1 86Y,162,96,96,"Patel P, Bharti PK, Bansal D, Ali NA, Raman RK, Mohapatra PK, Sehgal R, Mahanta J, Sultan AA, Singh N",2017,http://www.ncbi.nlm.nih.gov/pubmed/?term=29192183,NA,29192183,"Prevalence of mutations linked to antimalarial resistance in Plasmodium falciparum from Chhattisgarh, Central India: A malaria elimination point of view.",Amodiaquine,pfmdr1 86Y,59,NA,1.6314128413796425,59.25925925925925,4.4070058
Indonesia,2000,0.067987852,MICS,SEA,-7.74,110.03,Global Pf Parasite Rate,Malaria:202206_Global_Pf_Parasite_Rate,"Proportion of Children 2 to 10 years of age showing, on a given year, detectable Plasmodium falciparum parasite",2.732807047323149e-7,14740877,0,Purworejo,2000,2000,pfmdr1 86Y,111,103,105,SYAFRUDDIN D,2003,http://www.ncbi.nlm.nih.gov/pubmed/14740877,NA,14740877,Frequency distribution of antimalarial drug-resistant alleles among isolates of Plasmodium falciparum in Purworejo district,Amodiaquine,pfmdr1 86Y,95,NA,2.732807047323149e-5,92.7927927927928,6.7987852
Indonesia,2002,0.00527875,DHS,SEA,-8.36,114.65,Global Pf Parasite Rate,Malaria:202206_Global_Pf_Parasite_Rate,"Proportion of Children 2 to 10 years of age showing, on a given year, detectable Plasmodium falciparum parasite",3.2091158619351745e-9,15741554,4,Kutai,2002,2002,pfmdr1 86Y,28,28,28,SYAFRUDDIN D,2005,http://www.ncbi.nlm.nih.gov/pubmed/15741554,NA,15741554,Molecular epidemiology of Plasmodium falciparum resistance to antimalarial drugs in Indonesia.,Amodiaquine,pfmdr1 86Y,100,NA,3.2091158619351745e-7,100,0.527875
Indonesia,2002,0.00527875,DHS,SEA,-8.5,116.08,Global Pf Parasite Rate,Malaria:202206_Global_Pf_Parasite_Rate,"Proportion of Children 2 to 10 years of age showing, on a given year, detectable Plasmodium falciparum parasite",0.0013325171312317252,15238686,0,Batulayar,2002,2002,pfmdr1 86Y,48,17,22,Huaman MC,2004,http://www.ncbi.nlm.nih.gov/pubmed/15238686,NA,15238686,Short report: polymorphisms in the chloroquine resistance transporter gene in Plasmodium falciparum isolates from Lombok,Amodiaquine,pfmdr1 86Y,46,NA,0.13325171312317252,35.41666666666667,0.527875
Indonesia,2002,0.00527875,DHS,SEA,-6.16,106.81,Global Pf Parasite Rate,Malaria:202206_Global_Pf_Parasite_Rate,"Proportion of Children 2 to 10 years of age showing, on a given year, detectable Plasmodium falciparum parasite",0,15741554,2,Hanura,2002,2002,pfmdr1 86Y,44,44,44,SYAFRUDDIN D,2005,http://www.ncbi.nlm.nih.gov/pubmed/15741554,NA,15741554,Molecular epidemiology of Plasmodium falciparum resistance to antimalarial drugs in Indonesia.,Amodiaquine,pfmdr1 86Y,100,NA,0,100,0.527875
Indonesia,2002,0.00527875,DHS,SEA,-7.84,110.11,Global Pf Parasite Rate,Malaria:202206_Global_Pf_Parasite_Rate,"Proportion of Children 2 to 10 years of age showing, on a given year, detectable Plasmodium falciparum parasite",0.000001755371158651542,15741554,3,Kokap,2002,2002,pfmdr1 86Y,28,28,28,SYAFRUDDIN D,2005,http://www.ncbi.nlm.nih.gov/pubmed/15741554,NA,15741554,Molecular epidemiology of Plasmodium falciparum resistance to antimalarial drugs in Indonesia.,Amodiaquine,pfmdr1 86Y,100,NA,1.755371158651542e-4,100,0.527875
Indonesia,2002,0.00527875,DHS,SEA,1.13,97.52,Global Pf Parasite Rate,Malaria:202206_Global_Pf_Parasite_Rate,"Proportion of Children 2 to 10 years of age showing, on a given year, detectable Plasmodium falciparum parasite",0.0002590895164757967,15741554,1,Nias,2002,2002,pfmdr1 86Y,19,19,19,SYAFRUDDIN D,2005,http://www.ncbi.nlm.nih.gov/pubmed/15741554,NA,15741554,Molecular epidemiology of Plasmodium falciparum resistance to antimalarial drugs in Indonesia.,Amodiaquine,pfmdr1 86Y,100,NA,0.02590895164757967,100,0.527875
Indonesia,2007,0.007245148,DHS,SEA,-9.7,119.97,Global Pf Parasite Rate,Malaria:202206_Global_Pf_Parasite_Rate,"Proportion of Children 2 to 10 years of age showing, on a given year, detectable Plasmodium falciparum parasite",1.0024629659710627e-7,19788738,2,Sumba,2007,2007,pfmdr1 86Y,63,27,27,Asih PBS,2009,http://www.pubmedcentral.nih.gov/articlerender.fcgi?artid=2761937&tool=pmcentrez&rendertype=abstract,Dry season,19788738,"Seasonal distribution of anti-malarial drug resistance alleles on the island of Sumba, Indonesia.",Amodiaquine,pfmdr1 86Y,43,I,1.0024629659710628e-5,42.857142857142854,0.7245148
Indonesia,2007,0.007245148,DHS,SEA,-9.7,119.97,Global Pf Parasite Rate,Malaria:202206_Global_Pf_Parasite_Rate,"Proportion of Children 2 to 10 years of age showing, on a given year, detectable Plasmodium falciparum parasite",1.0024629659710627e-7,19788738,1,Sumba,2007,2007,pfmdr1 86Y,131,55,55,Asih PBS,2009,http://www.pubmedcentral.nih.gov/articlerender.fcgi?artid=2761937&tool=pmcentrez&rendertype=abstract,Wet season,19788738,"Seasonal distribution of anti-malarial drug resistance alleles on the island of Sumba, Indonesia.",Amodiaquine,pfmdr1 86Y,43,I,1.0024629659710628e-5,41.98473282442748,0.7245148
Kenya,2000,0.403274333,MICS,East Africa,0.47,35.26,Global Pf Parasite Rate,Malaria:202206_Global_Pf_Parasite_Rate,"Proportion of Children 2 to 10 years of age showing, on a given year, detectable Plasmodium falciparum parasite",0.12118285149335861,18411325,8,"Kabobo, Kanyawegi",1996,2000,pfmdr1 86Y,39,9,25,Mehlotra RK,2008,http://www.pubmedcentral.nih.gov/articlerender.fcgi?artid=2415780&tool=pmcentrez&rendertype=abstract,NA,18411325,Discordant patterns of genetic variation at two chloroquine resistance loci in worldwide populations of the malaria parasite Plasmodium falciparum.,Amodiaquine,pfmdr1 86Y,64,NA,12.11828514933586,23.076923076923077,40.3274333
Kenya,2000,0.403274333,MICS,East Africa,-3.63,39.85,Global Pf Parasite Rate,Malaria:202206_Global_Pf_Parasite_Rate,"Proportion of Children 2 to 10 years of age showing, on a given year, detectable Plasmodium falciparum parasite",0.36862555146217346,19450282,7,Kilifi,2000,2000,pfmdr1 86Y,20,13,13,Mwai L,2009,http://www.pubmedcentral.nih.gov/articlerender.fcgi?artid=2694831&tool=pmcentrez&rendertype=abstract,Mixed infections excluded.,19450282,Chloroquine resistance before and after its withdrawal in Kenya.,Amodiaquine,pfmdr1 86Y,100,E,36.862555146217346,65,40.3274333
Kenya,2003,0.032303923,DHS,East Africa,-0.06,34.24,Global Pf Parasite Rate,Malaria:202206_Global_Pf_Parasite_Rate,"Proportion of Children 2 to 10 years of age showing, on a given year, detectable Plasmodium falciparum parasite",0.6711243987083435,16271310,0,Siaya district,2003,2003,pfmdr1 86Y,91,58,58,Holmgren G,2006,http://www.ncbi.nlm.nih.gov/pubmed/16271310,Clinical AQ data and post-treatment genotypes,16271310,Amodiaquine resistant Plasmodium falciparum malaria in vivo is associated with selection of pfcrt 76T and pfmdr1 86Y.,Amodiaquine,pfmdr1 86Y,64,I,67.11243987083435,63.73626373626373,3.2303922999999997
Kenya,2003,0.032303923,DHS,East Africa,-0.04,34.55,Global Pf Parasite Rate,Malaria:202206_Global_Pf_Parasite_Rate,"Proportion of Children 2 to 10 years of age showing, on a given year, detectable Plasmodium falciparum parasite",0.5867223143577576,614,1,Kombewa,2003,2003,pfmdr1 86Y,18,7,12,"Hemming-Schroeder E, Umukoro E, Lo E, Fung B, TomÃ¡s-Domingo P, Zhou G, Zhong D, Dixit A, Atieli H, Githeko A, Vardo-Zalik A, Yan G.",2018,https://www.ncbi.nlm.nih.gov/pubmed/?term=29363453,asymptomatic,29363453,"Impacts of Antimalarial Drugs on Plasmodium falciparum Drug Resistance Markers, Western Kenya, 2003-2015.",Amodiaquine,pfmdr1 86Y,67,NA,58.67223143577576,38.88888888888889,3.2303922999999997
Kenya,2003,0.032303923,DHS,East Africa,0.28,34.75,Global Pf Parasite Rate,Malaria:202206_Global_Pf_Parasite_Rate,"Proportion of Children 2 to 10 years of age showing, on a given year, detectable Plasmodium falciparum parasite",0.6080369353294373,614,5,Kakamega,2003,2003,pfmdr1 86Y,28,13,22,"Hemming-Schroeder E, Umukoro E, Lo E, Fung B, TomÃ¡s-Domingo P, Zhou G, Zhong D, Dixit A, Atieli H, Githeko A, Vardo-Zalik A, Yan G.",2018,https://www.ncbi.nlm.nih.gov/pubmed/?term=29363453,asymptomatic,29363453,"Impacts of Antimalarial Drugs on Plasmodium falciparum Drug Resistance Markers, Western Kenya, 2003-2015.",Amodiaquine,pfmdr1 86Y,79,NA,60.803693532943726,46.42857142857143,3.2303922999999997
Kenya,2003,0.032303923,DHS,East Africa,-0.09,34.77,Global Pf Parasite Rate,Malaria:202206_Global_Pf_Parasite_Rate,"Proportion of Children 2 to 10 years of age showing, on a given year, detectable Plasmodium falciparum parasite",0.5121763348579407,26236581,1,Kisumu,1995,2003,pfmdr1 86Y,47,30,39,Achieng AO,2015,http://www.ncbi.nlm.nih.gov/pubmed/26236581,NA,26236581,Temporal trends in prevalence of Plasmodium falciparum molecular markers selected for by artemether-lumefantrine treatment in pre-ACT and post-ACT parasites in western Kenya.,Amodiaquine,pfmdr1 86Y,83,NA,51.21763348579407,63.82978723404256,3.2303922999999997
Kenya,2003,0.032303923,DHS,East Africa,-3.63,39.85,Global Pf Parasite Rate,Malaria:202206_Global_Pf_Parasite_Rate,"Proportion of Children 2 to 10 years of age showing, on a given year, detectable Plasmodium falciparum parasite",0.19794994592666626,19450282,10,Kilifi,2003,2003,pfmdr1 86Y,1,1,1,Mwai L,2009,http://www.pubmedcentral.nih.gov/articlerender.fcgi?artid=2694831&tool=pmcentrez&rendertype=abstract,Mixed infections excluded.,19450282,Chloroquine resistance before and after its withdrawal in Kenya.,Amodiaquine,pfmdr1 86Y,100,E,19.794994592666622,100,3.2303922999999997
Kenya,2008,0.011526932,DHS,East Africa,-0.04,34.55,Global Pf Parasite Rate,Malaria:202206_Global_Pf_Parasite_Rate,"Proportion of Children 2 to 10 years of age showing, on a given year, detectable Plasmodium falciparum parasite",0.17354853451251984,614,3,Kombewa,2008,2008,pfmdr1 86Y,165,42,108,"Hemming-Schroeder E, Umukoro E, Lo E, Fung B, TomÃ¡s-Domingo P, Zhou G, Zhong D, Dixit A, Atieli H, Githeko A, Vardo-Zalik A, Yan G.",2018,https://www.ncbi.nlm.nih.gov/pubmed/?term=29363453,asymptomatic,29363453,"Impacts of Antimalarial Drugs on Plasmodium falciparum Drug Resistance Markers, Western Kenya, 2003-2015.",Amodiaquine,pfmdr1 86Y,67,NA,17.354853451251984,25.454545454545453,1.1526932
Kenya,2008,0.011526932,DHS,East Africa,0.28,34.75,Global Pf Parasite Rate,Malaria:202206_Global_Pf_Parasite_Rate,"Proportion of Children 2 to 10 years of age showing, on a given year, detectable Plasmodium falciparum parasite",0.0693601742386818,614,7,Kakamega,2008,2008,pfmdr1 86Y,67,16,32,"Hemming-Schroeder E, Umukoro E, Lo E, Fung B, TomÃ¡s-Domingo P, Zhou G, Zhong D, Dixit A, Atieli H, Githeko A, Vardo-Zalik A, Yan G.",2018,https://www.ncbi.nlm.nih.gov/pubmed/?term=29363453,asymptomatic,29363453,"Impacts of Antimalarial Drugs on Plasmodium falciparum Drug Resistance Markers, Western Kenya, 2003-2015.",Amodiaquine,pfmdr1 86Y,79,NA,6.936017423868179,23.88059701492537,1.1526932
Kenya,2008,0.011526932,DHS,East Africa,-4.23,39.58,Global Pf Parasite Rate,Malaria:202206_Global_Pf_Parasite_Rate,"Proportion of Children 2 to 10 years of age showing, on a given year, detectable Plasmodium falciparum parasite",0.12538573145866394,22641431,2,Tiwi,2008,2008,pfmdr1 86Y,77,43,49,Mang'era CM,2012,http://www.ncbi.nlm.nih.gov/pubmed/22641431,NA,22641431,"Changes in genotypes of Plasmodium falciparum human malaria parasite following withdrawal of chloroquine in Tiwi, Kenya.",Amodiaquine,pfmdr1 86Y,88,NA,12.538573145866394,55.84415584415584,1.1526932
Kenya,2008,0.011526932,DHS,East Africa,-0.09,34.77,Global Pf Parasite Rate,Malaria:202206_Global_Pf_Parasite_Rate,"Proportion of Children 2 to 10 years of age showing, on a given year, detectable Plasmodium falciparum parasite",0.11853769421577454,25395861,0,Kisumu,2008,2008,pfmdr1 86Y,160,61,104,Akala HM,2014,http://www.ncbi.nlm.nih.gov/pubmed/25395861,NA,25395861,Five-year tracking of Plasmodium falciparum allele frequencies in a holoendemic area with indistinct seasonal transitions,Amodiaquine,pfmdr1 86Y,65,NA,11.853769421577454,38.125,1.1526932
Kenya,2008,0.011526932,DHS,East Africa,-0.09,34.77,Global Pf Parasite Rate,Malaria:202206_Global_Pf_Parasite_Rate,"Proportion of Children 2 to 10 years of age showing, on a given year, detectable Plasmodium falciparum parasite",0.11853769421577454,21734121,0,"Kisumu, Kisii, and Kericho District Hospitals, and Chulaimbo Sub-District Hospital",2007,2008,pfmdr1 86Y,308,203,203,"Hoseah M. Akala, Fredrick L. Eyase, Agnes C. Cheruiyot, Angela A. Omondi, Bernhards R. Ogutu, Norman C. Waters, Jacob D. Johnson, Mark E. Polhemus, David C. Schnabel, and Douglas S. Walsh",2011,http://www.pubmedcentral.nih.gov/articlerender.fcgi?artid=3122340&tool=pmcentrez&rendertype=abstract,NA,21734121,Antimalarial drug sensitivity profile of western Kenya Plasmodium falciparum field isolates determined by a SYBR Green I in vitro assay and molecular analysis.,Amodiaquine,pfmdr1 86Y,66,I,11.853769421577454,65.9090909090909,1.1526932
Kenya,2008,0.011526932,DHS,East Africa,-0.09,34.77,Global Pf Parasite Rate,Malaria:202206_Global_Pf_Parasite_Rate,"Proportion of Children 2 to 10 years of age showing, on a given year, detectable Plasmodium falciparum parasite",0.11853769421577454,23675533,1,"Kisumu, Kisii, Kericho",2008,2008,pfmdr1 86Y,243,109,163,Eyase FL,2013,http://www.pubmedcentral.nih.gov/articlerender.fcgi?artid=3652850&tool=pmcentrez&rendertype=abstract,In vitro data.,23675533,The role of Pfmdr1 and Pfcrt in changing chloroquine,Amodiaquine,pfmdr1 86Y,67,NA,11.853769421577454,44.8559670781893,1.1526932
Kenya,2008,0.011526932,DHS,East Africa,-3.63,39.85,Global Pf Parasite Rate,Malaria:202206_Global_Pf_Parasite_Rate,"Proportion of Children 2 to 10 years of age showing, on a given year, detectable Plasmodium falciparum parasite",0.03407026454806328,19770282,0,Kilifi,2005,2008,pfmdr1 86Y,72,47,55,Mwai L,2009,http://www.pubmedcentral.nih.gov/articlerender.fcgi?artid=2786317&tool=pmcentrez&rendertype=abstract,"In vitro, long term adapted isolates",19770282,"In vitro activities of piperaquine, lumefantrine, and dihydroartemisinin in Kenyan Plasmodium falciparum isolates and polymorphisms in pfcrt and pfmdr1.",Amodiaquine,pfmdr1 86Y,76,NA,3.407026454806328,65.27777777777779,1.1526932
Kenya,2014,0.003816534,DHS,East Africa,-0.09,34.77,Global Pf Parasite Rate,Malaria:202206_Global_Pf_Parasite_Rate,"Proportion of Children 2 to 10 years of age showing, on a given year, detectable Plasmodium falciparum parasite",0.21502332389354706,26236581,2,Kisumu,2008,2014,pfmdr1 86Y,745,111,196,Achieng AO,2015,http://www.ncbi.nlm.nih.gov/pubmed/26236581,NA,26236581,Temporal trends in prevalence of Plasmodium falciparum molecular markers selected for by artemether-lumefantrine treatment in pre-ACT and post-ACT parasites in western Kenya.,Amodiaquine,pfmdr1 86Y,83,NA,21.502332389354702,14.899328859060404,0.3816534
Kenya,2015,0.002009671,DHS,East Africa,-0.04,34.55,Global Pf Parasite Rate,Malaria:202206_Global_Pf_Parasite_Rate,"Proportion of Children 2 to 10 years of age showing, on a given year, detectable Plasmodium falciparum parasite",0.19115862250328064,614,4,Kombewa,2015,2015,pfmdr1 86Y,86,1,2,"Hemming-Schroeder E, Umukoro E, Lo E, Fung B, TomÃ¡s-Domingo P, Zhou G, Zhong D, Dixit A, Atieli H, Githeko A, Vardo-Zalik A, Yan G.",2018,https://www.ncbi.nlm.nih.gov/pubmed/?term=29363453,asymptomatic,29363453,"Impacts of Antimalarial Drugs on Plasmodium falciparum Drug Resistance Markers, Western Kenya, 2003-2015.",Amodiaquine,pfmdr1 86Y,67,NA,19.115862250328064,1.162790697674419,0.2009671
Kenya,2015,0.002009671,DHS,East Africa,0.28,34.75,Global Pf Parasite Rate,Malaria:202206_Global_Pf_Parasite_Rate,"Proportion of Children 2 to 10 years of age showing, on a given year, detectable Plasmodium falciparum parasite",0.11931563168764114,614,8,Kakamega,2015,2015,pfmdr1 86Y,41,0,0,"Hemming-Schroeder E, Umukoro E, Lo E, Fung B, TomÃ¡s-Domingo P, Zhou G, Zhong D, Dixit A, Atieli H, Githeko A, Vardo-Zalik A, Yan G.",2018,https://www.ncbi.nlm.nih.gov/pubmed/?term=29363453,asymptomatic,29363453,"Impacts of Antimalarial Drugs on Plasmodium falciparum Drug Resistance Markers, Western Kenya, 2003-2015.",Amodiaquine,pfmdr1 86Y,79,NA,11.931563168764114,0,0.2009671
Liberia,2009,0.276810544,DHS,West Africa,6.75,-8.77,Global Pf Parasite Rate,Malaria:202206_Global_Pf_Parasite_Rate,"Proportion of Children 2 to 10 years of age showing, on a given year, detectable Plasmodium falciparum parasite",0.44824841618537903,504,1,Nimba county,2008,2009,pfmdr1 86Y,294,157,204,"Otienoburu SD, Maïga-Ascofaré O, Schramm B, Jullien V, Jones JJ, Zolia YM, Houzé P, Ashley EA, Kiechel JR, Guérin PJ, Le Bras J, Houzé S",2016,http://www.ncbi.nlm.nih.gov/pubmed/?term=27596849,Mixed infections excluded for haplotypes,27596849,Selection of Plasmodium falciparum pfcrt and pfmdr1 polymorphisms after treatment with artesunate-amodiaquine fixed dose combination or artemether-lumefantrine in Liberia.,Amodiaquine,pfmdr1 86Y,69,E,44.8248416185379,53.40136054421769,27.6810544
Liberia,2016,0.011646674,DHS,West Africa,6.3,-10.8,Global Pf Parasite Rate,Malaria:202206_Global_Pf_Parasite_Rate,"Proportion of Children 2 to 10 years of age showing, on a given year, detectable Plasmodium falciparum parasite",0.14820687472820282,721,17,Monrovia,2012,2016,pfmdr1 86Y,22,16,16,"Yang C, Zhou R, Liu Y, Li S, Qian D, Zhao Y, Zhang H, Xu B",2018,https://www.ncbi.nlm.nih.gov/pubmed/?term=30259821,NA,30259821,Molecular investigation of the Pfmdr1 gene of Plasmodium falciparum isolates in Henan Province imported from Africa.,Amodiaquine,pfmdr1 86Y,73,NA,14.820687472820282,72.72727272727273,1.1646674
Madagascar,2016,0.007390141,DHS,East Africa,-18.89,47.37,Global Pf Parasite Rate,Malaria:202206_Global_Pf_Parasite_Rate,"Proportion of Children 2 to 10 years of age showing, on a given year, detectable Plasmodium falciparum parasite",0.03643091395497322,706,15,Antananarivo,2012,2016,pfmdr1 86Y,2,2,2,"Tao Zhang, Xian Xu, Jingjing Jiang, Chen Yu, Cuicui Tian, and Weidong Li",2018,https://www.ncbi.nlm.nih.gov/pubmed/29436339,Estimated traveler location,29436339,"Surveillance of Antimalarial Resistance Molecular Markers in Imported Plasmodium falciparum Malaria Cases in Anhui, China, 2012-2016.",Amodiaquine,pfmdr1 86Y,100,NA,3.643091395497322,100,0.7390141
Malawi,2004,0.006866029,DHS,Southern Africa,-15.79,35.01,Global Pf Parasite Rate,Malaria:202206_Global_Pf_Parasite_Rate,"Proportion of Children 2 to 10 years of age showing, on a given year, detectable Plasmodium falciparum parasite",0.1825326681137085,17556619,0,Blantyre,2003,2004,pfmdr1 86Y,56,1,1,Nkhoma S,2007,http://www.ncbi.nlm.nih.gov/pubmed/17556619,In vitro data available.,17556619,In vitro antimalarial susceptibility profile and prcrt/pfmdr-1 genotypes of Plasmodium falciparum field isolates from Malawi.,Amodiaquine,pfmdr1 86Y,2,NA,18.25326681137085,1.7857142857142856,0.6866029
Mali,2012,0.031607839,DHS,West Africa,12.38,-5.46,Global Pf Parasite Rate,Malaria:202206_Global_Pf_Parasite_Rate,"Proportion of Children 2 to 10 years of age showing, on a given year, detectable Plasmodium falciparum parasite",0.4377366900444031,500,1,Koutiala,2012,2012,pfmdr1 86Y,191,51,51,"Maiga H, Lasry E, Diarra M, Sagara I, Bamadio A, Traore A, Coumare S, Bahonan S, Sangare B, Dicko Y, Diallo N, Tembely A, Traore D, Niangaly H, Dao F, Haidara A, Dicko A, Doumbo OK, Djimde AA",NA,http://www.ncbi.nlm.nih.gov/pubmed/?term=27662368,NA,27662368,Seasonal Malaria Chemoprevention with Sulphadoxine-Pyrimethamine and Amodiaquine Selects Pfdhfr-dhps Quintuple Mutant Genotype in Mali.,Amodiaquine,pfmdr1 86Y,27,I,43.77366900444031,26.701570680628272,3.1607839
Mozambique,2008,0.006400602,MICS,Southern Africa,-23.02,32.72,Global Pf Parasite Rate,Malaria:202206_Global_Pf_Parasite_Rate,"Proportion of Children 2 to 10 years of age showing, on a given year, detectable Plasmodium falciparum parasite",0.3564983904361725,22022487,3,Gaza Province,2008,2008,pfmdr1 86Y,476,309,309,"Jaishree Raman, Katya Mauff, Pedro Muianga, Abdul Mussa, Rajendra Maharaj, Karen I. Barnes",2011,http://www.pubmedcentral.nih.gov/articlerender.fcgi?artid=3195082&tool=pmcentrez&rendertype=abstract,Multicentre study,22022487,"Five years of antimalarial resistance marker surveillance in Gaza Province, Mozambique, following artemisinin-based combination therapy roll out.",Amodiaquine,pfmdr1 86Y,91,I,35.64983904361725,64.91596638655463,0.6400602
Mozambique,2015,0.001111562,DHS,Southern Africa,-13.13,39,Global Pf Parasite Rate,Malaria:202206_Global_Pf_Parasite_Rate,"Proportion of Children 2 to 10 years of age showing, on a given year, detectable Plasmodium falciparum parasite",0.24990494549274445,599,1,Montepuez,2015,2015,pfmdr1 86Y,87,1,1,"Gupta H, Macete E, Bulo H, Salvador C, Warsame M, Carvalho E, Ménard D, Ringwald P, Bassat Q, Enosse S, Mayor A",2018,http://www.ncbi.nlm.nih.gov/pubmed/?term=29260689,NA,29260689,"Drug-Resistant Polymorphisms and Copy Numbers in Plasmodium falciparum, Mozambique, 2015.",Amodiaquine,pfmdr1 86Y,1,I,24.990494549274445,1.1494252873563218,0.1111562
Mozambique,2015,0.001111562,DHS,Southern Africa,-19.61,34.74,Global Pf Parasite Rate,Malaria:202206_Global_Pf_Parasite_Rate,"Proportion of Children 2 to 10 years of age showing, on a given year, detectable Plasmodium falciparum parasite",0.15185579657554626,599,2,Dondo,2015,2015,pfmdr1 86Y,88,4,4,"Gupta H, Macete E, Bulo H, Salvador C, Warsame M, Carvalho E, Ménard D, Ringwald P, Bassat Q, Enosse S, Mayor A",2018,http://www.ncbi.nlm.nih.gov/pubmed/?term=29260689,NA,29260689,"Drug-Resistant Polymorphisms and Copy Numbers in Plasmodium falciparum, Mozambique, 2015.",Amodiaquine,pfmdr1 86Y,5,I,15.185579657554626,4.545454545454546,0.1111562
Mozambique,2015,0.001111562,DHS,Southern Africa,-24.53,32.98,Global Pf Parasite Rate,Malaria:202206_Global_Pf_Parasite_Rate,"Proportion of Children 2 to 10 years of age showing, on a given year, detectable Plasmodium falciparum parasite",0.09647319465875626,599,2,Chokwe,2015,2015,pfmdr1 86Y,87,6,6,"Gupta H, Macete E, Bulo H, Salvador C, Warsame M, Carvalho E, Ménard D, Ringwald P, Bassat Q, Enosse S, Mayor A",2018,http://www.ncbi.nlm.nih.gov/pubmed/?term=29260689,NA,29260689,"Drug-Resistant Polymorphisms and Copy Numbers in Plasmodium falciparum, Mozambique, 2015.",Amodiaquine,pfmdr1 86Y,7,I,9.647319465875626,6.896551724137931,0.1111562
Mozambique,2015,0.001111562,DHS,Southern Africa,-16.12,33.72,Global Pf Parasite Rate,Malaria:202206_Global_Pf_Parasite_Rate,"Proportion of Children 2 to 10 years of age showing, on a given year, detectable Plasmodium falciparum parasite",0.1183382049202919,599,1,Moatize,2015,2015,pfmdr1 86Y,89,0,0,"Gupta H, Macete E, Bulo H, Salvador C, Warsame M, Carvalho E, Ménard D, Ringwald P, Bassat Q, Enosse S, Mayor A",2018,http://www.ncbi.nlm.nih.gov/pubmed/?term=29260689,NA,29260689,"Drug-Resistant Polymorphisms and Copy Numbers in Plasmodium falciparum, Mozambique, 2015.",Amodiaquine,pfmdr1 86Y,0,I,11.83382049202919,0,0.1111562
Myanmar,2016,0.002919916,DHS,SEA,17.5,97.7,Global Pf Parasite Rate,Malaria:202206_Global_Pf_Parasite_Rate,"Proportion of Children 2 to 10 years of age showing, on a given year, detectable Plasmodium falciparum parasite",0.016839489340782166,608,1,"METF-26, Kayin",2016,2016,pfmdr1 86Y,13,3,3,"Prof. Francois Nosten, Prof Olivo Miotto",2016,NA,NA,NA,METF-SMRU/GenRe,Amodiaquine,pfmdr1 86Y,100,NA,1.6839489340782166,23.076923076923077,0.29199159999999996
Myanmar,2016,0.002919916,DHS,SEA,17.58,97.65,Global Pf Parasite Rate,Malaria:202206_Global_Pf_Parasite_Rate,"Proportion of Children 2 to 10 years of age showing, on a given year, detectable Plasmodium falciparum parasite",0.011849666014313698,608,9,"METF-37, Kayin",2016,2016,pfmdr1 86Y,1,0,0,"Prof. Francois Nosten, Prof Olivo Miotto",2016,NA,NA,NA,METF-SMRU/GenRe,Amodiaquine,pfmdr1 86Y,0,NA,1.1849666014313698,0,0.29199159999999996
Myanmar,2016,0.002919916,DHS,SEA,17.59,97.53,Global Pf Parasite Rate,Malaria:202206_Global_Pf_Parasite_Rate,"Proportion of Children 2 to 10 years of age showing, on a given year, detectable Plasmodium falciparum parasite",0.006204592529684305,608,32,"METF-18, Kayin",2016,2016,pfmdr1 86Y,6,1,1,"Prof. Francois Nosten, Prof Olivo Miotto",2016,NA,NA,NA,METF-SMRU/GenRe,Amodiaquine,pfmdr1 86Y,100,NA,0.6204592529684305,16.666666666666664,0.29199159999999996
Myanmar,2016,0.002919916,DHS,SEA,17.65,97.62,Global Pf Parasite Rate,Malaria:202206_Global_Pf_Parasite_Rate,"Proportion of Children 2 to 10 years of age showing, on a given year, detectable Plasmodium falciparum parasite",0.01259789802134037,608,41,"METF-24, Kayin",2016,2016,pfmdr1 86Y,14,4,4,"Prof. Francois Nosten, Prof Olivo Miotto",2016,NA,NA,NA,METF-SMRU/GenRe,Amodiaquine,pfmdr1 86Y,60,NA,1.259789802134037,28.57142857142857,0.29199159999999996
Myanmar,2016,0.002919916,DHS,SEA,18.03,97.63,Global Pf Parasite Rate,Malaria:202206_Global_Pf_Parasite_Rate,"Proportion of Children 2 to 10 years of age showing, on a given year, detectable Plasmodium falciparum parasite",0.01795860379934311,608,6,"METF-50, Kayin",2016,2016,pfmdr1 86Y,5,4,4,"Prof. Francois Nosten, Prof Olivo Miotto",2016,NA,NA,NA,METF-SMRU/GenRe,Amodiaquine,pfmdr1 86Y,80,NA,1.795860379934311,80,0.29199159999999996
Myanmar,2016,0.002919916,DHS,SEA,15.87,98.54,Global Pf Parasite Rate,Malaria:202206_Global_Pf_Parasite_Rate,"Proportion of Children 2 to 10 years of age showing, on a given year, detectable Plasmodium falciparum parasite",0.011205397546291351,608,6,"METF-35, Kayin",2016,2016,pfmdr1 86Y,4,0,0,"Prof. Francois Nosten, Prof Olivo Miotto",2016,NA,NA,NA,METF-SMRU/GenRe,Amodiaquine,pfmdr1 86Y,0,NA,1.1205397546291351,0,0.29199159999999996
Myanmar,2016,0.002919916,DHS,SEA,16.44,98.15,Global Pf Parasite Rate,Malaria:202206_Global_Pf_Parasite_Rate,"Proportion of Children 2 to 10 years of age showing, on a given year, detectable Plasmodium falciparum parasite",0.0011879837838932872,608,3,"METF-30, Kayin",2016,2016,pfmdr1 86Y,1,0,0,"Prof. Francois Nosten, Prof Olivo Miotto",2016,NA,NA,NA,METF-SMRU/GenRe,Amodiaquine,pfmdr1 86Y,0,NA,0.11879837838932872,0,0.29199159999999996
Myanmar,2016,0.002919916,DHS,SEA,16.45,98.25,Global Pf Parasite Rate,Malaria:202206_Global_Pf_Parasite_Rate,"Proportion of Children 2 to 10 years of age showing, on a given year, detectable Plasmodium falciparum parasite",0.00024957937421277165,608,4,"METF-31, Kayin",2016,2016,pfmdr1 86Y,1,0,0,"Prof. Francois Nosten, Prof Olivo Miotto",2016,NA,NA,NA,METF-SMRU/GenRe,Amodiaquine,pfmdr1 86Y,0,NA,0.02495793742127716,0,0.29199159999999996
Myanmar,2016,0.002919916,DHS,SEA,16.6,98.44,Global Pf Parasite Rate,Malaria:202206_Global_Pf_Parasite_Rate,"Proportion of Children 2 to 10 years of age showing, on a given year, detectable Plasmodium falciparum parasite",0.004635583143681288,608,5,"METF-32, Kayin",2016,2016,pfmdr1 86Y,1,0,0,"Prof. Francois Nosten, Prof Olivo Miotto",2016,NA,NA,NA,METF-SMRU/GenRe,Amodiaquine,pfmdr1 86Y,0,NA,0.4635583143681288,0,0.29199159999999996
Myanmar,2016,0.002919916,DHS,SEA,15.8,98.55,Global Pf Parasite Rate,Malaria:202206_Global_Pf_Parasite_Rate,"Proportion of Children 2 to 10 years of age showing, on a given year, detectable Plasmodium falciparum parasite",0.014886010438203812,608,7,"METF-36, Kayin",2016,2016,pfmdr1 86Y,3,0,0,"Prof. Francois Nosten, Prof Olivo Miotto",2016,NA,NA,NA,METF-SMRU/GenRe,Amodiaquine,pfmdr1 86Y,0,NA,1.4886010438203812,0,0.29199159999999996
Myanmar,2016,0.002919916,DHS,SEA,17.42,97.63,Global Pf Parasite Rate,Malaria:202206_Global_Pf_Parasite_Rate,"Proportion of Children 2 to 10 years of age showing, on a given year, detectable Plasmodium falciparum parasite",0.014100281521677971,608,43,"METF-25, Kayin",2016,2016,pfmdr1 86Y,8,0,0,"Prof. Francois Nosten, Prof Olivo Miotto",2016,NA,NA,NA,METF-SMRU/GenRe,Amodiaquine,pfmdr1 86Y,0,NA,1.410028152167797,0,0.29199159999999996
Myanmar,2016,0.002919916,DHS,SEA,17.43,97.72,Global Pf Parasite Rate,Malaria:202206_Global_Pf_Parasite_Rate,"Proportion of Children 2 to 10 years of age showing, on a given year, detectable Plasmodium falciparum parasite",0.02161913737654686,608,1,"METF-27, Kayin",2016,2016,pfmdr1 86Y,1,0,0,"Prof. Francois Nosten, Prof Olivo Miotto",2016,NA,NA,NA,METF-SMRU/GenRe,Amodiaquine,pfmdr1 86Y,0,NA,2.161913737654686,0,0.29199159999999996
Myanmar,2016,0.002919916,DHS,SEA,17.81,97.33,Global Pf Parasite Rate,Malaria:202206_Global_Pf_Parasite_Rate,"Proportion of Children 2 to 10 years of age showing, on a given year, detectable Plasmodium falciparum parasite",0.017373206093907356,608,14,"METF-08, Kayin",2016,2016,pfmdr1 86Y,11,8,8,"Prof. Francois Nosten, Prof Olivo Miotto",2016,NA,NA,NA,METF-SMRU/GenRe,Amodiaquine,pfmdr1 86Y,73,NA,1.7373206093907356,72.72727272727273,0.29199159999999996
Myanmar,2016,0.002919916,DHS,SEA,17.71,97.35,Global Pf Parasite Rate,Malaria:202206_Global_Pf_Parasite_Rate,"Proportion of Children 2 to 10 years of age showing, on a given year, detectable Plasmodium falciparum parasite",0.015277701430022717,608,16,"METF-09, Kayin",2016,2016,pfmdr1 86Y,8,2,2,"Prof. Francois Nosten, Prof Olivo Miotto",2016,NA,NA,NA,METF-SMRU/GenRe,Amodiaquine,pfmdr1 86Y,25,NA,1.5277701430022717,25,0.29199159999999996
Myanmar,2016,0.002919916,DHS,SEA,17.82,97.42,Global Pf Parasite Rate,Malaria:202206_Global_Pf_Parasite_Rate,"Proportion of Children 2 to 10 years of age showing, on a given year, detectable Plasmodium falciparum parasite",0.016959670931100845,608,22,"METF-12, Kayin",2016,2016,pfmdr1 86Y,1,0,0,"Prof. Francois Nosten, Prof Olivo Miotto",2016,NA,NA,NA,METF-SMRU/GenRe,Amodiaquine,pfmdr1 86Y,0,NA,1.6959670931100843,0,0.29199159999999996
Myanmar,2016,0.002919916,DHS,SEA,17.73,97.47,Global Pf Parasite Rate,Malaria:202206_Global_Pf_Parasite_Rate,"Proportion of Children 2 to 10 years of age showing, on a given year, detectable Plasmodium falciparum parasite",0.016444876790046692,608,29,"METF-16, Kayin",2016,2016,pfmdr1 86Y,43,8,8,"Prof. Francois Nosten, Prof Olivo Miotto",2016,NA,NA,NA,METF-SMRU/GenRe,Amodiaquine,pfmdr1 86Y,67,NA,1.6444876790046692,18.6046511627907,0.29199159999999996
Myanmar,2016,0.002919916,DHS,SEA,17.82,97.56,Global Pf Parasite Rate,Malaria:202206_Global_Pf_Parasite_Rate,"Proportion of Children 2 to 10 years of age showing, on a given year, detectable Plasmodium falciparum parasite",0.012829353101551533,608,37,"METF-21, Kayin",2016,2016,pfmdr1 86Y,61,1,1,"Prof. Francois Nosten, Prof Olivo Miotto",2016,NA,NA,NA,METF-SMRU/GenRe,Amodiaquine,pfmdr1 86Y,2,NA,1.2829353101551533,1.639344262295082,0.29199159999999996
Myanmar,2016,0.002919916,DHS,SEA,17.73,97.61,Global Pf Parasite Rate,Malaria:202206_Global_Pf_Parasite_Rate,"Proportion of Children 2 to 10 years of age showing, on a given year, detectable Plasmodium falciparum parasite",0.02609625644981861,608,39,"METF-23, Kayin",2016,2016,pfmdr1 86Y,62,11,11,"Prof. Francois Nosten, Prof Olivo Miotto",2016,NA,NA,NA,METF-SMRU/GenRe,Amodiaquine,pfmdr1 86Y,48,NA,2.609625644981861,17.741935483870968,0.29199159999999996
Myanmar,2016,0.002919916,DHS,SEA,17.91,97.25,Global Pf Parasite Rate,Malaria:202206_Global_Pf_Parasite_Rate,"Proportion of Children 2 to 10 years of age showing, on a given year, detectable Plasmodium falciparum parasite",0.008455523289740086,608,5,"METF-04, Kayin",2016,2016,pfmdr1 86Y,8,1,1,"Prof. Francois Nosten, Prof Olivo Miotto",2016,NA,NA,NA,METF-SMRU/GenRe,Amodiaquine,pfmdr1 86Y,43,NA,0.8455523289740086,12.5,0.29199159999999996
Myanmar,2016,0.002919916,DHS,SEA,17.91,97.54,Global Pf Parasite Rate,Malaria:202206_Global_Pf_Parasite_Rate,"Proportion of Children 2 to 10 years of age showing, on a given year, detectable Plasmodium falciparum parasite",0.012306551449000835,608,34,"METF-19, Kayin",2016,2016,pfmdr1 86Y,17,1,1,"Prof. Francois Nosten, Prof Olivo Miotto",2016,NA,NA,NA,METF-SMRU/GenRe,Amodiaquine,pfmdr1 86Y,6,NA,1.2306551449000835,5.88235294117647,0.29199159999999996
Myanmar,2016,0.002919916,DHS,SEA,17.92,97.41,Global Pf Parasite Rate,Malaria:202206_Global_Pf_Parasite_Rate,"Proportion of Children 2 to 10 years of age showing, on a given year, detectable Plasmodium falciparum parasite",0.019272219389677048,608,18,"METF-10, Kayin",2016,2016,pfmdr1 86Y,20,5,5,"Prof. Francois Nosten, Prof Olivo Miotto",2016,NA,NA,NA,METF-SMRU/GenRe,Amodiaquine,pfmdr1 86Y,40,NA,1.9272219389677048,25,0.29199159999999996
Myanmar,2016,0.002919916,DHS,SEA,17.96,97.28,Global Pf Parasite Rate,Malaria:202206_Global_Pf_Parasite_Rate,"Proportion of Children 2 to 10 years of age showing, on a given year, detectable Plasmodium falciparum parasite",0.013638629578053951,608,10,"METF-06, Kayin",2016,2016,pfmdr1 86Y,70,11,11,"Prof. Francois Nosten, Prof Olivo Miotto",2016,NA,NA,NA,METF-SMRU/GenRe,Amodiaquine,pfmdr1 86Y,65,NA,1.3638629578053951,15.714285714285714,0.29199159999999996
Myanmar,2016,0.002919916,DHS,SEA,18.01,97.47,Global Pf Parasite Rate,Malaria:202206_Global_Pf_Parasite_Rate,"Proportion of Children 2 to 10 years of age showing, on a given year, detectable Plasmodium falciparum parasite",0.01219455897808075,608,26,"METF-14, Kayin",2016,2016,pfmdr1 86Y,5,2,2,"Prof. Francois Nosten, Prof Olivo Miotto",2016,NA,NA,NA,METF-SMRU/GenRe,Amodiaquine,pfmdr1 86Y,50,NA,1.219455897808075,40,0.29199159999999996
Myanmar,2016,0.002919916,DHS,SEA,18.11,97.47,Global Pf Parasite Rate,Malaria:202206_Global_Pf_Parasite_Rate,"Proportion of Children 2 to 10 years of age showing, on a given year, detectable Plasmodium falciparum parasite",0.017122942954301834,608,24,"METF-13, Kayin",2016,2016,pfmdr1 86Y,11,4,4,"Prof. Francois Nosten, Prof Olivo Miotto",2016,NA,NA,NA,METF-SMRU/GenRe,Amodiaquine,pfmdr1 86Y,78,NA,1.7122942954301834,36.36363636363637,0.29199159999999996
Myanmar,2016,0.002919916,DHS,SEA,18.11,97.47,Global Pf Parasite Rate,Malaria:202206_Global_Pf_Parasite_Rate,"Proportion of Children 2 to 10 years of age showing, on a given year, detectable Plasmodium falciparum parasite",0.017122942954301834,608,28,"METF-15, Kayin",2016,2016,pfmdr1 86Y,27,0,0,"Prof. Francois Nosten, Prof Olivo Miotto",2016,NA,NA,NA,METF-SMRU/GenRe,Amodiaquine,pfmdr1 86Y,0,NA,1.7122942954301834,0,0.29199159999999996
Myanmar,2016,0.002919916,DHS,SEA,17.97,97.49,Global Pf Parasite Rate,Malaria:202206_Global_Pf_Parasite_Rate,"Proportion of Children 2 to 10 years of age showing, on a given year, detectable Plasmodium falciparum parasite",0.017221029847860336,608,31,"METF-17, Kayin",2016,2016,pfmdr1 86Y,5,0,0,"Prof. Francois Nosten, Prof Olivo Miotto",2016,NA,NA,NA,METF-SMRU/GenRe,Amodiaquine,pfmdr1 86Y,0,NA,1.7221029847860336,0,0.29199159999999996
Myanmar,2016,0.002919916,DHS,SEA,17.84,97.22,Global Pf Parasite Rate,Malaria:202206_Global_Pf_Parasite_Rate,"Proportion of Children 2 to 10 years of age showing, on a given year, detectable Plasmodium falciparum parasite",0.009863592684268951,608,5,"METF-49, Kayin",2016,2016,pfmdr1 86Y,1,1,1,"Prof. Francois Nosten, Prof Olivo Miotto",2016,NA,NA,NA,METF-SMRU/GenRe,Amodiaquine,pfmdr1 86Y,100,NA,0.9863592684268953,100,0.29199159999999996
Myanmar,2016,0.002919916,DHS,SEA,17.71,97.23,Global Pf Parasite Rate,Malaria:202206_Global_Pf_Parasite_Rate,"Proportion of Children 2 to 10 years of age showing, on a given year, detectable Plasmodium falciparum parasite",0.00864230003207922,608,2,"METF-02, Kayin",2016,2016,pfmdr1 86Y,10,2,2,"Prof. Francois Nosten, Prof Olivo Miotto",2016,NA,NA,NA,METF-SMRU/GenRe,Amodiaquine,pfmdr1 86Y,20,NA,0.864230003207922,20,0.29199159999999996
Myanmar,2016,0.002919916,DHS,SEA,17.6,97.23,Global Pf Parasite Rate,Malaria:202206_Global_Pf_Parasite_Rate,"Proportion of Children 2 to 10 years of age showing, on a given year, detectable Plasmodium falciparum parasite",0.007387146353721619,608,4,"METF-03, Kayin",2016,2016,pfmdr1 86Y,1,0,0,"Prof. Francois Nosten, Prof Olivo Miotto",2016,NA,NA,NA,METF-SMRU/GenRe,Amodiaquine,pfmdr1 86Y,0,NA,0.7387146353721619,0,0.29199159999999996
Myanmar,2016,0.002919916,DHS,SEA,17.61,97.29,Global Pf Parasite Rate,Malaria:202206_Global_Pf_Parasite_Rate,"Proportion of Children 2 to 10 years of age showing, on a given year, detectable Plasmodium falciparum parasite",0.0056005315855145454,608,12,"METF-07, Kayin",2016,2016,pfmdr1 86Y,6,0,0,"Prof. Francois Nosten, Prof Olivo Miotto",2016,NA,NA,NA,METF-SMRU/GenRe,Amodiaquine,pfmdr1 86Y,0,NA,0.5600531585514545,0,0.29199159999999996
Myanmar,2016,0.002919916,DHS,SEA,18.14,97.27,Global Pf Parasite Rate,Malaria:202206_Global_Pf_Parasite_Rate,"Proportion of Children 2 to 10 years of age showing, on a given year, detectable Plasmodium falciparum parasite",0.017643073573708534,608,7,"METF-05, Kayin",2016,2016,pfmdr1 86Y,16,3,3,"Prof. Francois Nosten, Prof Olivo Miotto",2016,NA,NA,NA,METF-SMRU/GenRe,Amodiaquine,pfmdr1 86Y,38,NA,1.7643073573708534,18.75,0.29199159999999996
Myanmar,2016,0.002919916,DHS,SEA,18.28,97.42,Global Pf Parasite Rate,Malaria:202206_Global_Pf_Parasite_Rate,"Proportion of Children 2 to 10 years of age showing, on a given year, detectable Plasmodium falciparum parasite",0.01099368929862976,608,20,"METF-11, Kayin",2016,2016,pfmdr1 86Y,26,4,4,"Prof. Francois Nosten, Prof Olivo Miotto",2016,NA,NA,NA,METF-SMRU/GenRe,Amodiaquine,pfmdr1 86Y,75,NA,1.099368929862976,15.384615384615383,0.29199159999999996
Nigeria,2007,0.302476966,MICS,West Africa,8.49,8.52,Global Pf Parasite Rate,Malaria:202206_Global_Pf_Parasite_Rate,"Proportion of Children 2 to 10 years of age showing, on a given year, detectable Plasmodium falciparum parasite",0.4406832754611969,21120702,2,Lafia,2006,2007,pfmdr1 86Y,75,29,36,Ojurongbe O,2010,http://www.ncbi.nlm.nih.gov/pubmed/21120702,NA,21120702,Molecular surveillance of drug-resistant Plasmodium falciparum in two distinct geographical areas of Nigeria.,Amodiaquine,pfmdr1 86Y,48,NA,44.06832754611969,38.666666666666664,30.2476966
Nigeria,2007,0.302476966,MICS,West Africa,7.4,3.92,Global Pf Parasite Rate,Malaria:202206_Global_Pf_Parasite_Rate,"Proportion of Children 2 to 10 years of age showing, on a given year, detectable Plasmodium falciparum parasite",0.3218306005001068,19075074,0,Ibadan,2006,2007,pfmdr1 86Y,90,24,54,Happi CT,2009,http://www.pubmedcentral.nih.gov/articlerender.fcgi?artid=2650543&tool=pmcentrez&rendertype=abstract,"Clinical data AL, post-treatment genotypes av",19075074,Selection of Plasmodium falciparum multidrug resistance gene 1 alleles in asexual stages and gametocytes by artemether-lumefantrine in Nigerian children with uncomplicated falciparum malaria.,Amodiaquine,pfmdr1 86Y,60,NA,32.18306005001068,26.666666666666668,30.2476966
Nigeria,2007,0.302476966,MICS,West Africa,7.77,4.56,Global Pf Parasite Rate,Malaria:202206_Global_Pf_Parasite_Rate,"Proportion of Children 2 to 10 years of age showing, on a given year, detectable Plasmodium falciparum parasite",0.3585472106933594,21120702,1,Osogbo,2006,2007,pfmdr1 86Y,81,28,35,Ojurongbe O,2010,http://www.ncbi.nlm.nih.gov/pubmed/21120702,NA,21120702,Molecular surveillance of drug-resistant Plasmodium falciparum in two distinct geographical areas of Nigeria.,Amodiaquine,pfmdr1 86Y,43,NA,35.85472106933594,34.5679012345679,30.2476966
Nigeria,2008,0.185407374,DHS,West Africa,6.52,3.38,Global Pf Parasite Rate,Malaria:202206_Global_Pf_Parasite_Rate,"Proportion of Children 2 to 10 years of age showing, on a given year, detectable Plasmodium falciparum parasite",0.06756667792797089,25928117,1,Lagos,2007,2008,pfmdr1 86Y,74,46,60,Oladipo OO,2015,http://www.ncbi.nlm.nih.gov/pubmed/25928117,NA,25928117,"Persistence of chloroquine-resistant haplotypes of Plasmodium falcipum in children with uncomplicated Malaria in Lagos, Nigeria, four years after change of chloroquine as first-line antimalarial medicine.",Amodiaquine,pfmdr1 86Y,81,NA,6.756667792797089,62.16216216216216,18.5407374
Nigeria,2010,0.272340746,DHS,West Africa,11.82,13.15,Global Pf Parasite Rate,Malaria:202206_Global_Pf_Parasite_Rate,"Proportion of Children 2 to 10 years of age showing, on a given year, detectable Plasmodium falciparum parasite",0.16506028175354004,596,1,Maiduguri,2010,2010,pfmdr1 86Y,52,0,0,"Balogun ST, Sandabe UK, Bdliya DN, Adedeji WA, Okon KO, Fehintola FA",2015,http://www.ncbi.nlm.nih.gov/pubmed/?term=27031449,asymptomatic,27031449,Asymptomatic falciparum malaria and genetic polymorphisms of Pfcrt K76T and Pfmdr1 N86Y among almajirai in northeast Nigeria.,Amodiaquine,pfmdr1 86Y,0,NA,16.506028175354004,0,27.234074600000003
Papua New Guinea,2016,0.00532384,DHS,Oceania,-3.58,143.65,Global Pf Parasite Rate,Malaria:202206_Global_Pf_Parasite_Rate,"Proportion of Children 2 to 10 years of age showing, on a given year, detectable Plasmodium falciparum parasite",0.051045238971710205,708,1,Wewak District,2016,2016,pfmdr1 86Y,111,44,45,"Sekihara M, Tachibana SI, Yamauchi M, Yatsushiro S, Tiwara S, Fukuda N, Ikeda M, Mori T, Hirai M, Hombhanje F, Mita T.",2018,https://www.ncbi.nlm.nih.gov/pubmed/30477515,NA,30477515,Lack of significant recovery of chloroquine sensitivity in Plasmodium falciparum parasites following discontinuance of chloroquine use in Papua New Guinea.,Amodiaquine,pfmdr1 86Y,41,NA,5.1045238971710205,39.63963963963964,0.532384
Senegal,2000,0.613333446,MICS,West Africa,14.75,-17.4,Global Pf Parasite Rate,Malaria:202206_Global_Pf_Parasite_Rate,"Proportion of Children 2 to 10 years of age showing, on a given year, detectable Plasmodium falciparum parasite",0.15765909850597382,22706959,1,Pikine,2000,2000,pfmdr1 86Y,34,11,11,Ly O,2012,http://www.ncbi.nlm.nih.gov/pubmed/22706959,In vitro data,22706959,"Evolution of the pfcrt T76 and pfmdr1 Y86 markers and chloroquine susceptibility 8 years after cessation of chloroquine use in Pikine, Senegal.",Amodiaquine,pfmdr1 86Y,41,NA,15.765909850597382,32.35294117647059,61.3333446
Senegal,2000,0.613333446,MICS,West Africa,14.75,-17.4,Global Pf Parasite Rate,Malaria:202206_Global_Pf_Parasite_Rate,"Proportion of Children 2 to 10 years of age showing, on a given year, detectable Plasmodium falciparum parasite",0.15765909850597382,12201579,0,Pikine,2000,2000,pfmdr1 86Y,35,11,11,Thomas SM,2002,http://www.ncbi.nlm.nih.gov/pubmed/12201579,In vitro data available,12201579,In vitro chloroquine susceptibility and PCR analysis of pfcrt and pfmdr1 polymorphisms in Plasmodium falciparum isolates from Senegal.,Amodiaquine,pfmdr1 86Y,31,NA,15.765909850597382,31.428571428571427,61.3333446
Senegal,2005,0.169274323,DHS,West Africa,14.75,-17.4,Global Pf Parasite Rate,Malaria:202206_Global_Pf_Parasite_Rate,"Proportion of Children 2 to 10 years of age showing, on a given year, detectable Plasmodium falciparum parasite",0.027869854122400284,22706959,6,Pikine,2005,2005,pfmdr1 86Y,98,19,19,Ly O,2012,http://www.ncbi.nlm.nih.gov/pubmed/22706959,NA,22706959,"Evolution of the pfcrt T76 and pfmdr1 Y86 markers and chloroquine susceptibility 8 years after cessation of chloroquine use in Pikine, Senegal.",Amodiaquine,pfmdr1 86Y,41,NA,2.7869854122400284,19.387755102040817,16.9274323
Senegal,2006,0.064448121,DHS,West Africa,14.75,-17.4,Global Pf Parasite Rate,Malaria:202206_Global_Pf_Parasite_Rate,"Proportion of Children 2 to 10 years of age showing, on a given year, detectable Plasmodium falciparum parasite",0.0350978784263134,22706959,7,Pikine,2006,2006,pfmdr1 86Y,82,18,18,Ly O,2012,http://www.ncbi.nlm.nih.gov/pubmed/22706959,NA,22706959,"Evolution of the pfcrt T76 and pfmdr1 Y86 markers and chloroquine susceptibility 8 years after cessation of chloroquine use in Pikine, Senegal.",Amodiaquine,pfmdr1 86Y,41,NA,3.50978784263134,21.951219512195124,6.4448121
Senegal,2008,0.013653281,DHS,West Africa,14.42,-16.97,Global Pf Parasite Rate,Malaria:202206_Global_Pf_Parasite_Rate,"Proportion of Children 2 to 10 years of age showing, on a given year, detectable Plasmodium falciparum parasite",0.03079763427376747,23617576,1,"Mbour, Bambey, Fatick",2008,2008,pfmdr1 86Y,19,0,0,Lo AC,2013,http://www.pubmedcentral.nih.gov/articlerender.fcgi?artid=3652725&tool=pmcentrez&rendertype=abstract,Article also contains prevalence after season,23617576,Prevalence of molecular markers of drug resistance in an area of seasonal malaria chemoprevention in children in Senegal.,Amodiaquine,pfmdr1 86Y,45,NA,3.079763427376747,0,1.3653281
Sudan,2000,0.987842586,MICS,East Africa,16.09,30.09,Global Pf Parasite Rate,Malaria:202206_Global_Pf_Parasite_Rate,"Proportion of Children 2 to 10 years of age showing, on a given year, detectable Plasmodium falciparum parasite",0.03660765290260315,15031793,6,Asar,2000,2000,pfmdr1 86Y,38,32,32,Abdel-Muhsin AMA,2004,http://www.ncbi.nlm.nih.gov/pubmed/15031793,NA,15031793,Evolution of drug-resistance genes in Plasmodium falciparum in an area of seasonal malaria transmission in Eastern Sudan.,Amodiaquine,pfmdr1 86Y,84,NA,3.660765290260315,84.21052631578947,98.7842586
Suriname,2006,0.019121039,MICS,South America,2.03,-56.13,Global Pf Parasite Rate,Malaria:202206_Global_Pf_Parasite_Rate,"Proportion of Children 2 to 10 years of age showing, on a given year, detectable Plasmodium falciparum parasite",0.1360301822423935,23836573,1,"Sipaliwini, Brokopondo",2005,2006,pfmdr1 86Y,40,0,0,Adhin MR,2013,http://www.ncbi.nlm.nih.gov/pubmed/23836573,NA,23836573,Molecular surveillance as monitoring tool for drug-resistant Plasmodium falciparum in Suriname.,Amodiaquine,pfmdr1 86Y,0,NA,13.60301822423935,0,1.9121039
Tanzania,2004,0.017386842,DHS,East Africa,-5.18,38.79,Global Pf Parasite Rate,Malaria:202206_Global_Pf_Parasite_Rate,"Proportion of Children 2 to 10 years of age showing, on a given year, detectable Plasmodium falciparum parasite",0.5323069095611572,17194834,0,Muheza,2002,2004,pfmdr1 86Y,190,158,177,Humphreys GS,2007,http://www.pubmedcentral.nih.gov/articlerender.fcgi?artid=1803116&tool=pmcentrez&rendertype=abstract,"Clinical AQ, AQ+SP, ASAQ, AL data and post-tr",17194834,Amodiaquine and artemether-lumefantrine select distinct alleles of the Plasmodium falciparum mdr1 gene in Tanzanian children treated for uncomplicated malaria.,Amodiaquine,pfmdr1 86Y,93,NA,53.23069095611572,83.15789473684211,1.7386842
Tanzania,2004,0.017386842,DHS,East Africa,-5.16,38.44,Global Pf Parasite Rate,Malaria:202206_Global_Pf_Parasite_Rate,"Proportion of Children 2 to 10 years of age showing, on a given year, detectable Plasmodium falciparum parasite",0.29021531343460083,22144430,2,Korogwe,2004,2004,pfmdr1 86Y,293,205,264,"Thomsen TT, Ishengoma DS, Mmbando BP, Lusingu JP, Vestergaard LS, Theander TG, Lemnge MM, Bygbjerg IC, Alifrangis M",2011,http://www.ncbi.nlm.nih.gov/pubmed/?term=22144430,CROSS-SECTIONAL STUDY,22144430,Prevalence of single nucleotide polymorphisms in the Plasmodium falciparum multidrug resistance gene (Pfmdr-1) in Korogwe District in Tanzania before and after introduction of artemisinin-based combination therapy.,Amodiaquine,pfmdr1 86Y,92,NA,29.021531343460083,69.96587030716724,1.7386842
Tanzania,2004,0.017386842,DHS,East Africa,-6.4,38.67,Global Pf Parasite Rate,Malaria:202206_Global_Pf_Parasite_Rate,"Proportion of Children 2 to 10 years of age showing, on a given year, detectable Plasmodium falciparum parasite",0.48223215341567993,19210165,0,Fukayosi,2004,2004,pfmdr1 86Y,102,45,45,Sisowath C,2009,http://www.pubmedcentral.nih.gov/articlerender.fcgi?artid=2718568&tool=pmcentrez&rendertype=abstract,Clinical data AL. Post-treatment genotypes av,19210165,In vivo selection of Plasmodium falciparum parasites carrying the chloroquine-susceptible pfcrt K76 allele after treatment with artemether-lumefantrine in Africa.,Amodiaquine,pfmdr1 86Y,44,NA,48.22321534156799,44.11764705882353,1.7386842
Tanzania,2007,0.004720408,DHS,East Africa,-5.16,38.44,Global Pf Parasite Rate,Malaria:202206_Global_Pf_Parasite_Rate,"Proportion of Children 2 to 10 years of age showing, on a given year, detectable Plasmodium falciparum parasite",0.157051682472229,22144430,4,Korogwe,2007,2007,pfmdr1 86Y,111,83,97,"Thomsen TT, Ishengoma DS, Mmbando BP, Lusingu JP, Vestergaard LS, Theander TG, Lemnge MM, Bygbjerg IC, Alifrangis M",2011,http://www.ncbi.nlm.nih.gov/pubmed/?term=22144430,CROSS-SECTIONAL STUDY,22144430,Prevalence of single nucleotide polymorphisms in the Plasmodium falciparum multidrug resistance gene (Pfmdr-1) in Korogwe District in Tanzania before and after introduction of artemisinin-based combination therapy.,Amodiaquine,pfmdr1 86Y,92,NA,15.7051682472229,74.77477477477478,0.4720408
Tanzania,2007,0.004720408,DHS,East Africa,-6.78,38.99,Global Pf Parasite Rate,Malaria:202206_Global_Pf_Parasite_Rate,"Proportion of Children 2 to 10 years of age showing, on a given year, detectable Plasmodium falciparum parasite",0.13434991240501404,21410954,0,Kibaha District,2007,2007,pfmdr1 86Y,234,63,119,Ngasala B,2011,http://www.pubmedcentral.nih.gov/articlerender.fcgi?artid=3065443&tool=pmcentrez&rendertype=abstract,Clinical AL data and post-treatment genotypes,21410954,Effectiveness of artemether-lumefantrine provided by community health workers in under-five children with uncomplicated malaria in rural Tanzania: an open label prospective study.,Amodiaquine,pfmdr1 86Y,51,NA,13.434991240501404,26.923076923076923,0.4720408
Tanzania,2010,8.81867e-4,DHS,East Africa,-5.16,38.44,Global Pf Parasite Rate,Malaria:202206_Global_Pf_Parasite_Rate,"Proportion of Children 2 to 10 years of age showing, on a given year, detectable Plasmodium falciparum parasite",0.07126592099666595,22144430,7,Korogwe,2010,2010,pfmdr1 86Y,17,7,11,"Thomsen TT, Ishengoma DS, Mmbando BP, Lusingu JP, Vestergaard LS, Theander TG, Lemnge MM, Bygbjerg IC, Alifrangis M",2011,http://www.ncbi.nlm.nih.gov/pubmed/?term=22144430,CROSS-SECTIONAL STUDY,22144430,Prevalence of single nucleotide polymorphisms in the Plasmodium falciparum multidrug resistance gene (Pfmdr-1) in Korogwe District in Tanzania before and after introduction of artemisinin-based combination therapy.,Amodiaquine,pfmdr1 86Y,92,NA,7.1265920996665955,41.17647058823529,0.0881867
Tanzania,2010,8.81867e-4,DHS,East Africa,-6.4,38.67,Global Pf Parasite Rate,Malaria:202206_Global_Pf_Parasite_Rate,"Proportion of Children 2 to 10 years of age showing, on a given year, detectable Plasmodium falciparum parasite",0.14013928174972534,23506218,2,Fukayosi,2010,2010,pfmdr1 86Y,31,5,8,Malmberg M,2013,http://www.pubmedcentral.nih.gov/articlerender.fcgi?artid=3732084&tool=pmcentrez&rendertype=abstract,Studies 1 -3 includes data from previous publ,23506218,"Temporal trends of molecular markers associated with artemether-lumefantrine tolerance/resistance in Bagamoyo district, Tanzania.",Amodiaquine,pfmdr1 86Y,39,NA,14.013928174972534,16.129032258064516,0.0881867
Tanzania,2010,8.81867e-4,DHS,East Africa,-6.17,39.2,Global Pf Parasite Rate,Malaria:202206_Global_Pf_Parasite_Rate,"Proportion of Children 2 to 10 years of age showing, on a given year, detectable Plasmodium falciparum parasite",0.06408856064081192,22966778,0,"Micheweni, North A",2010,2010,pfmdr1 86Y,117,64,64,Fröberg G,2012,http://www.pubmedcentral.nih.gov/articlerender.fcgi?artid=3468380&tool=pmcentrez&rendertype=abstract,In this publication a mixed infection was con,22966778,Decreased prevalence of Plasmodium falciparum resistance markers to amodiaquine despite its wide scale use as ACT partner drug in Zanzibar.,Amodiaquine,pfmdr1 86Y,55,I,6.408856064081192,54.700854700854705,0.0881867
Tanzania,2010,8.81867e-4,DHS,East Africa,-6.17,39.2,Global Pf Parasite Rate,Malaria:202206_Global_Pf_Parasite_Rate,"Proportion of Children 2 to 10 years of age showing, on a given year, detectable Plasmodium falciparum parasite",0.06408856064081192,23510231,0,"Micheweni, North A",2010,2010,pfmdr1 86Y,121,61,73,Morris U,2013,http://www.pubmedcentral.nih.gov/articlerender.fcgi?artid=3605315&tool=pmcentrez&rendertype=abstract,Genotype frequencies from Pf DNA extracted fr,23510231,Rapid diagnostic tests for molecular surveillance of Plasmodium falciparum malaria -assessment of DNA extraction methods and field applicability.,Amodiaquine,pfmdr1 86Y,60,NA,6.408856064081192,50.413223140495866,0.0881867
Tanzania,2010,8.81867e-4,DHS,East Africa,-2.5,32.9,Global Pf Parasite Rate,Malaria:202206_Global_Pf_Parasite_Rate,"Proportion of Children 2 to 10 years of age showing, on a given year, detectable Plasmodium falciparum parasite",0.10833069682121277,22118982,1,Mwanza,2009,2010,pfmdr1 86Y,77,13,13,Kamugisha E,2012,http://www.ncbi.nlm.nih.gov/pubmed/22118982,NA,22118982,"Large differences in prevalence of Pfcrt and Pfmdr1 mutations between Mwanza, Tanzania and Iganga, Uganda-a reflection of differences in policies regarding withdrawal of chloroquine?",Amodiaquine,pfmdr1 86Y,17,NA,10.833069682121277,16.883116883116884,0.0881867
Tanzania,2011,0.002791802,DHS,East Africa,-10.75,39.62,Global Pf Parasite Rate,Malaria:202206_Global_Pf_Parasite_Rate,"Proportion of Children 2 to 10 years of age showing, on a given year, detectable Plasmodium falciparum parasite",0.15081512928009033,25007802,3,Mtwara,2010,2011,pfmdr1 86Y,66,16,17,Kavishe RA,2014,http://www.pubmedcentral.nih.gov/articlerender.fcgi?artid=4099215&tool=pmcentrez&rendertype=abstract,NA,25007802,Surveillance of artemether-lumefantrine associated Plasmodium falciparum multidrug resistance protein-1 gene polymorphisms in Tanzania.,Amodiaquine,pfmdr1 86Y,26,NA,15.081512928009031,24.24242424242424,0.2791802
Tanzania,2011,0.002791802,DHS,East Africa,-7.72,38.94,Global Pf Parasite Rate,Malaria:202206_Global_Pf_Parasite_Rate,"Proportion of Children 2 to 10 years of age showing, on a given year, detectable Plasmodium falciparum parasite",0.21790975332260132,25007802,2,"Coastal, Kibiti",2010,2011,pfmdr1 86Y,129,33,36,Kavishe RA,2014,http://www.pubmedcentral.nih.gov/articlerender.fcgi?artid=4099215&tool=pmcentrez&rendertype=abstract,Pregnant women,25007802,Surveillance of artemether-lumefantrine associated Plasmodium falciparum multidrug resistance protein-1 gene polymorphisms in Tanzania.,Amodiaquine,pfmdr1 86Y,28,NA,21.790975332260132,25.581395348837212,0.2791802
Tanzania,2011,0.002791802,DHS,East Africa,-6.4,38.67,Global Pf Parasite Rate,Malaria:202206_Global_Pf_Parasite_Rate,"Proportion of Children 2 to 10 years of age showing, on a given year, detectable Plasmodium falciparum parasite",0.13148397207260132,23506218,3,Fukayosi,2011,2011,pfmdr1 86Y,124,28,48,Malmberg M,2013,http://www.pubmedcentral.nih.gov/articlerender.fcgi?artid=3732084&tool=pmcentrez&rendertype=abstract,Studies 1 -3 includes data from previous publ,23506218,"Temporal trends of molecular markers associated with artemether-lumefantrine tolerance/resistance in Bagamoyo district, Tanzania.",Amodiaquine,pfmdr1 86Y,39,NA,13.148397207260132,22.58064516129032,0.2791802
Tanzania,2011,0.002791802,DHS,East Africa,-6.17,39.2,Global Pf Parasite Rate,Malaria:202206_Global_Pf_Parasite_Rate,"Proportion of Children 2 to 10 years of age showing, on a given year, detectable Plasmodium falciparum parasite",0.06153550371527672,25917493,3,"Micheweni, North A",2011,2011,pfmdr1 86Y,41,9,18,Morris U,2015,http://www.ncbi.nlm.nih.gov/pubmed/25917493,Asymptomatic,25917493,"Characterising temporal trends in asymptomatic Plasmodium infections and transporter polymorphisms during transition from high to low transmission in Zanzibar, 2005-2013",Amodiaquine,pfmdr1 86Y,89,NA,6.153550371527672,21.951219512195124,0.2791802
Tanzania,2011,0.002791802,DHS,East Africa,-5.38,38.58,Global Pf Parasite Rate,Malaria:202206_Global_Pf_Parasite_Rate,"Proportion of Children 2 to 10 years of age showing, on a given year, detectable Plasmodium falciparum parasite",0.11994201689958572,25007802,1,Tanga,2010,2011,pfmdr1 86Y,94,56,58,Kavishe RA,2014,http://www.pubmedcentral.nih.gov/articlerender.fcgi?artid=4099215&tool=pmcentrez&rendertype=abstract,NA,25007802,Surveillance of artemether-lumefantrine associated Plasmodium falciparum multidrug resistance protein-1 gene polymorphisms in Tanzania.,Amodiaquine,pfmdr1 86Y,62,NA,11.994201689958572,59.57446808510638,0.2791802
Tanzania,2011,0.002791802,DHS,East Africa,-8.9,33.45,Global Pf Parasite Rate,Malaria:202206_Global_Pf_Parasite_Rate,"Proportion of Children 2 to 10 years of age showing, on a given year, detectable Plasmodium falciparum parasite",0.016694238409399986,25007802,4,Mbeya,2010,2011,pfmdr1 86Y,135,4,6,Kavishe RA,2014,http://www.pubmedcentral.nih.gov/articlerender.fcgi?artid=4099215&tool=pmcentrez&rendertype=abstract,NA,25007802,Surveillance of artemether-lumefantrine associated Plasmodium falciparum multidrug resistance protein-1 gene polymorphisms in Tanzania.,Amodiaquine,pfmdr1 86Y,4,NA,1.6694238409399986,2.9629629629629632,0.2791802
Tanzania,2011,0.002791802,DHS,East Africa,-2.5,32.9,Global Pf Parasite Rate,Malaria:202206_Global_Pf_Parasite_Rate,"Proportion of Children 2 to 10 years of age showing, on a given year, detectable Plasmodium falciparum parasite",0.09490107744932175,25007802,6,Mwanza,2010,2011,pfmdr1 86Y,95,23,23,Kavishe RA,2014,http://www.pubmedcentral.nih.gov/articlerender.fcgi?artid=4099215&tool=pmcentrez&rendertype=abstract,NA,25007802,Surveillance of artemether-lumefantrine associated Plasmodium falciparum multidrug resistance protein-1 gene polymorphisms in Tanzania.,Amodiaquine,pfmdr1 86Y,24,NA,9.490107744932176,24.210526315789473,0.2791802
Tanzania,2011,0.002791802,DHS,East Africa,-2.41,32.95,Global Pf Parasite Rate,Malaria:202206_Global_Pf_Parasite_Rate,"Proportion of Children 2 to 10 years of age showing, on a given year, detectable Plasmodium falciparum parasite",0.11752130091190338,22369089,0,Igombe health centre,2010,2011,pfmdr1 86Y,95,6,10,"Erasmus Kamugisha, Sun Jing, Mercy Minde, Johaness Kataraihya, Gilbert Kongola, Fred Kironde,Göte Swedberg",2012,http://www.malariajournal.com/content/11/1/58,Clinical AL data and post-treatment genotypes,22369089,"Efficacy of artemether-lumefantrine in treatment of malaria among under-fives and prevalence of drug resistance markers in Igombe-Mwanza, north-western Tanzania.",Amodiaquine,pfmdr1 86Y,11,NA,11.752130091190338,6.315789473684211,0.2791802
Tanzania,2011,0.002791802,DHS,East Africa,-1.85,31.66,Global Pf Parasite Rate,Malaria:202206_Global_Pf_Parasite_Rate,"Proportion of Children 2 to 10 years of age showing, on a given year, detectable Plasmodium falciparum parasite",0.10898973047733307,25007802,5,Kagera,2010,2011,pfmdr1 86Y,125,31,35,Kavishe RA,2014,http://www.pubmedcentral.nih.gov/articlerender.fcgi?artid=4099215&tool=pmcentrez&rendertype=abstract,NA,25007802,Surveillance of artemether-lumefantrine associated Plasmodium falciparum multidrug resistance protein-1 gene polymorphisms in Tanzania.,Amodiaquine,pfmdr1 86Y,28,NA,10.898973047733309,24.8,0.2791802
Uganda,2009,0.107786223,DHS,East Africa,0.69,34.18,Global Pf Parasite Rate,Malaria:202206_Global_Pf_Parasite_Rate,"Proportion of Children 2 to 10 years of age showing, on a given year, detectable Plasmodium falciparum parasite",0.5604692697525024,24799371,4,Tororo,2009,2009,pfmdr1 86Y,89,39,66,Mbogo GW,2014,http://www.ncbi.nlm.nih.gov/pubmed/?term=24799371,Including pre-treatment genotypes + genotypes,24799371,Temporal changes in prevalence of molecular markers mediating antimalarial drug resistance in a high malaria transmission setting in Uganda.,Amodiaquine,pfmdr1 86Y,90,NA,56.04692697525024,43.82022471910113,10.7786223
Uganda,2011,0.030743677,DHS,East Africa,0.69,34.18,Global Pf Parasite Rate,Malaria:202206_Global_Pf_Parasite_Rate,"Proportion of Children 2 to 10 years of age showing, on a given year, detectable Plasmodium falciparum parasite",0.6074368953704834,24446524,0,Tororo,2010,2011,pfmdr1 86Y,472,104,310,Tukwasibwe S,2014,http://www.ncbi.nlm.nih.gov/pubmed/24446524,Prevalence in febrile vs. Asymptomatic subjec,24446524,Differential Prevalence of Transporter Polymorphisms in Symptomatic and Asymptomatic Falciparum Malaria Infections in Uganda.,Amodiaquine,pfmdr1 86Y,66,NA,60.74368953704834,22.033898305084744,3.0743677000000003
Uganda,2011,0.030743677,DHS,East Africa,0.69,34.18,Global Pf Parasite Rate,Malaria:202206_Global_Pf_Parasite_Rate,"Proportion of Children 2 to 10 years of age showing, on a given year, detectable Plasmodium falciparum parasite",0.6074368953704834,24799371,6,Tororo,2011,2011,pfmdr1 86Y,111,18,59,Mbogo GW,2014,http://www.ncbi.nlm.nih.gov/pubmed/?term=24799371,Including pre-treatment genotypes + genotypes,24799371,Temporal changes in prevalence of molecular markers mediating antimalarial drug resistance in a high malaria transmission setting in Uganda.,Amodiaquine,pfmdr1 86Y,90,NA,60.74368953704834,16.216216216216218,3.0743677000000003
Uganda,2014,0.012787483,DHS,East Africa,-0.61,30.62,Global Pf Parasite Rate,Malaria:202206_Global_Pf_Parasite_Rate,"Proportion of Children 2 to 10 years of age showing, on a given year, detectable Plasmodium falciparum parasite",0.09635332971811295,602,2,Mbarara,2012,2014,pfmdr1 86Y,134,2,4,"Baraka V, Mavoko HM, Nabasumba C, Francis F, Lutumba P, Alifrangis M, Van Geertruyden JP",2018,http://www.ncbi.nlm.nih.gov/pubmed/?term=29390014,NA,29390014,Impact of treatment and re-treatment with artemether-lumefantrine and artesunate-amodiaquine on selection of Plasmodium falciparum multidrug resistance gene-1 polymorphisms in the Democratic Republic of Congo and Uganda.,Amodiaquine,pfmdr1 86Y,3,NA,9.635332971811296,1.4925373134328357,1.2787483
Uganda,2014,0.012787483,DHS,East Africa,0.55,31.38,Global Pf Parasite Rate,Malaria:202206_Global_Pf_Parasite_Rate,"Proportion of Children 2 to 10 years of age showing, on a given year, detectable Plasmodium falciparum parasite",0.1481086015701294,26597254,1,"Apac, Mubende, Kanungu",2013,2014,pfmdr1 86Y,594,47,53,"Yeka A, Kigozi R, Conrad MD, Lugemwa M, Okui P, Katureebe C, Belay K, Kapella BK, Chang MA, Kamya MR, Staedke SG, Dorsey G, Rosenthal PJ",2016,http://www.ncbi.nlm.nih.gov/pubmed/?term=26597254,AL ASAQ clinical data,26597254,Artesunate/Amodiaquine Versus Artemether/Lumefantrine for the Treatment of Uncomplicated Malaria in Uganda: A Randomized Trial.,Amodiaquine,pfmdr1 86Y,9,NA,14.81086015701294,7.912457912457913,1.2787483
Uganda,2014,0.012787483,DHS,East Africa,0.55,31.38,Global Pf Parasite Rate,Malaria:202206_Global_Pf_Parasite_Rate,"Proportion of Children 2 to 10 years of age showing, on a given year, detectable Plasmodium falciparum parasite",0.1481086015701294,588,1,"Apac, Mubende, Kanungu",2013,2014,pfmdr1 86Y,594,19,74,"Yeka A, Kigozi R, Conrad MD, Lugemwa M, Okui P, Katureebe C, Belay K, Kapella BK, Chang MA, Kamya MR, Staedke SG, Dorsey G, Rosenthal PJ",2016,http://www.ncbi.nlm.nih.gov/pubmed/?term=26597254,NA,26597254,Artesunate/Amodiaquine Versus Artemether/Lumefantrine for the Treatment of Uncomplicated Malaria in Uganda: A Randomized Trial.,Amodiaquine,pfmdr1 86Y,12,NA,14.81086015701294,3.1986531986531985,1.2787483
Uganda,2014,0.012787483,DHS,East Africa,0.55,31.38,Global Pf Parasite Rate,Malaria:202206_Global_Pf_Parasite_Rate,"Proportion of Children 2 to 10 years of age showing, on a given year, detectable Plasmodium falciparum parasite",0.1481086015701294,791,1,"Apac, Mubende, Kanungu",2013,2014,pfmdr1 86Y,594,18,60,"Yeka A, Kigozi R, Conrad MD, Lugemwa M, Okui P, Katureebe C, Belay K, Kapella BK, Chang MA, Kamya MR, Staedke SG, Dorsey G, Rosenthal PJ.",2015,https://pubmed.ncbi.nlm.nih.gov/26597254/,: Selection of P. falciparum Genetic Polymorphisms in relation to AS/AQ versus AM/LF,80002356,Artesunate/Amodiaquine Versus Artemether/Lumefantrine for the Treatment of Uncomplicated Malaria in Uganda: A Randomized Trial,Amodiaquine,pfmdr1 86Y,10,NA,14.81086015701294,3.0303030303030303,1.2787483
Uganda,2014,0.012787483,DHS,East Africa,2.77,32.29,Global Pf Parasite Rate,Malaria:202206_Global_Pf_Parasite_Rate,"Proportion of Children 2 to 10 years of age showing, on a given year, detectable Plasmodium falciparum parasite",0.08920921385288239,493,1,Gulu,2014,2014,pfmdr1 86Y,144,3,3,"Balikagala B, Mita T, Ikeda M, Sakurai M, Yatsushiro S, Takahashi N, Tachibana SI, Auma M, Ntege EH, Ito D, Takashima E, Palacpac NM, Egwang TG, Onen JO, Kataoka M, Kimura E, Horii T, Tsuboi T",2017,http://www.ncbi.nlm.nih.gov/pubmed/?term=28068997,NA,28068997,Absence of in vivo selection for K13 mutations after artemether-lumefantrine treatment in Uganda.,Amodiaquine,pfmdr1 86Y,2,NA,8.920921385288239,2.083333333333333,1.2787483
Uganda,2014,0.012787483,DHS,East Africa,2.77,32.29,Global Pf Parasite Rate,Malaria:202206_Global_Pf_Parasite_Rate,"Proportion of Children 2 to 10 years of age showing, on a given year, detectable Plasmodium falciparum parasite",0.08920921385288239,793,2,Gulu,2014,2014,pfmdr1 86Y,99,1,1,"Balikagala B, Sakurai-Yatsushiro M, Tachibana SI, Ikeda M, Yamauchi M, Katuro OT, Ntege EH, Sekihara M, Fukuda N, Takahashi N, Yatsushiro S, Mori T, Hirai M, Opio W, Obwoya PS, Anywar DA, Auma MA, Palacpac NMQ, Tsuboi T, Odongo-Aginya EI, Kimura E, Ogwang M",2020,https://pubmed.ncbi.nlm.nih.gov/32070358/,Associated ex vivo results,32070358,Recovery and stable persistence of chloroquine sensitivity in Plasmodium falciparum parasites after its discontinued use in Northern Uganda.,Amodiaquine,pfmdr1 86Y,5,NA,8.920921385288239,1.0101010101010102,1.2787483
Uganda,2014,0.012787483,DHS,East Africa,1.98,32.53,Global Pf Parasite Rate,Malaria:202206_Global_Pf_Parasite_Rate,"Proportion of Children 2 to 10 years of age showing, on a given year, detectable Plasmodium falciparum parasite",0.32399678230285645,450,1,Apac,2013,2014,pfmdr1 86Y,594,119,119,Adoke Yeka,2016,NA,NA,NA,Artesunate/Amodiaquine Versus Artemether/ Lumefantrine for the Treatment of Uncomplicated Malaria in Uganda: A Randomized Trial,Amodiaquine,pfmdr1 86Y,20,I,32.399678230285645,20.033670033670035,1.2787483
Uganda,2014,0.012787483,DHS,East Africa,2.77,32.29,Global Pf Parasite Rate,Malaria:202206_Global_Pf_Parasite_Rate,"Proportion of Children 2 to 10 years of age showing, on a given year, detectable Plasmodium falciparum parasite",0.11820826679468155,493,1,Gulu,2014,2014,pfmdr1 86Y,144,3,3,"Balikagala B, Mita T, Ikeda M, Sakurai M, Yatsushiro S, Takahashi N, Tachibana SI, Auma M, Ntege EH, Ito D, Takashima E, Palacpac NM, Egwang TG, Onen JO, Kataoka M, Kimura E, Horii T, Tsuboi T",2017,http://www.ncbi.nlm.nih.gov/pubmed/?term=28068997,NA,28068997,Absence of in vivo selection for K13 mutations after artemether-lumefantrine treatment in Uganda.,Amodiaquine,pfmdr1 86Y,2,NA,11.820826679468157,2.083333333333333,1.2787483
Uganda,2014,0.012787483,DHS,East Africa,2.77,32.29,Global Pf Parasite Rate,Malaria:202206_Global_Pf_Parasite_Rate,"Proportion of Children 2 to 10 years of age showing, on a given year, detectable Plasmodium falciparum parasite",0.11820826679468155,793,2,Gulu,2014,2014,pfmdr1 86Y,99,1,1,"Balikagala B, Sakurai-Yatsushiro M, Tachibana SI, Ikeda M, Yamauchi M, Katuro OT, Ntege EH, Sekihara M, Fukuda N, Takahashi N, Yatsushiro S, Mori T, Hirai M, Opio W, Obwoya PS, Anywar DA, Auma MA, Palacpac NMQ, Tsuboi T, Odongo-Aginya EI, Kimura E, Ogwang M",2020,https://pubmed.ncbi.nlm.nih.gov/32070358/,Associated ex vivo results,32070358,Recovery and stable persistence of chloroquine sensitivity in Plasmodium falciparum parasites after its discontinued use in Northern Uganda.,Amodiaquine,pfmdr1 86Y,5,NA,11.820826679468157,1.0101010101010102,1.2787483
Uganda,2016,0.003403941,DHS,East Africa,3.03,30.91,Global Pf Parasite Rate,Malaria:202206_Global_Pf_Parasite_Rate,"Proportion of Children 2 to 10 years of age showing, on a given year, detectable Plasmodium falciparum parasite",0.14711512625217438,714,1,"Arua, Gulu, Mbale",2015,2016,pfmdr1 86Y,226,2,2,"Yeka A, Wallender E, Mulebeke R, Kibuuka A, Kigozi R, Bosco A, Kyambadde P, Opigo J, Kalyesubula S, Senzoga J, Vinden J, Conrad M, Rosenthal PJ.",2018,https://www.ncbi.nlm.nih.gov/pubmed/?term=30418593,NA,30418593,Comparative efficacy of artemether-lumefantrine and dihydroartemisinin-piperaquine for the treatment of uncomplicated malaria in Ugandan children.,Amodiaquine,pfmdr1 86Y,1,NA,14.711512625217438,0.8849557522123894,0.34039410000000003
Uganda,2016,0.003403941,DHS,East Africa,0.69,34.18,Global Pf Parasite Rate,Malaria:202206_Global_Pf_Parasite_Rate,"Proportion of Children 2 to 10 years of age showing, on a given year, detectable Plasmodium falciparum parasite",0.1936110556125641,611,2,Tororo,2016,2016,pfmdr1 86Y,29,0,1,"Rasmussen SA, Ceja FG, Conrad MD, Tumwebaze PK, Byaruhanga O, Katairo T, Nsobya SL, Rosenthal PJ, Cooper RA",2017,http://www.ncbi.nlm.nih.gov/pubmed/?term=28923866,NA,28923866,Changing Antimalarial Drug Sensitivities in Uganda.,Amodiaquine,pfmdr1 86Y,40,NA,19.36110556125641,0,0.34039410000000003
Uganda,2016,0.003403941,DHS,East Africa,2.77,32.29,Global Pf Parasite Rate,Malaria:202206_Global_Pf_Parasite_Rate,"Proportion of Children 2 to 10 years of age showing, on a given year, detectable Plasmodium falciparum parasite",0.26935991644859314,793,4,Gulu,2016,2016,pfmdr1 86Y,165,0,0,"Balikagala B, Sakurai-Yatsushiro M, Tachibana SI, Ikeda M, Yamauchi M, Katuro OT, Ntege EH, Sekihara M, Fukuda N, Takahashi N, Yatsushiro S, Mori T, Hirai M, Opio W, Obwoya PS, Anywar DA, Auma MA, Palacpac NMQ, Tsuboi T, Odongo-Aginya EI, Kimura E, Ogwang M",2020,https://pubmed.ncbi.nlm.nih.gov/32070358/,Associated ex vivo results,32070358,Recovery and stable persistence of chloroquine sensitivity in Plasmodium falciparum parasites after its discontinued use in Northern Uganda.,Amodiaquine,pfmdr1 86Y,5,NA,26.93599164485931,0,0.34039410000000003
Uganda,2016,0.003403941,DHS,East Africa,0.31,32.58,Global Pf Parasite Rate,Malaria:202206_Global_Pf_Parasite_Rate,"Proportion of Children 2 to 10 years of age showing, on a given year, detectable Plasmodium falciparum parasite",0.07067787647247314,706,10,Kampala,2012,2016,pfmdr1 86Y,4,0,0,"Tao Zhang, Xian Xu, Jingjing Jiang, Chen Yu, Cuicui Tian, and Weidong Li",2018,https://www.ncbi.nlm.nih.gov/pubmed/29436339,Estimated traveler location,29436339,"Surveillance of Antimalarial Resistance Molecular Markers in Imported Plasmodium falciparum Malaria Cases in Anhui, China, 2012-2016.",Amodiaquine,pfmdr1 86Y,0,NA,7.0677876472473145,0,0.34039410000000003
Uganda,2016,0.003403941,DHS,East Africa,0.31,32.58,Global Pf Parasite Rate,Malaria:202206_Global_Pf_Parasite_Rate,"Proportion of Children 2 to 10 years of age showing, on a given year, detectable Plasmodium falciparum parasite",0.07067787647247314,721,10,Kampala,2012,2016,pfmdr1 86Y,13,2,2,"Yang C, Zhou R, Liu Y, Li S, Qian D, Zhao Y, Zhang H, Xu B",2018,https://www.ncbi.nlm.nih.gov/pubmed/?term=30259821,NA,30259821,Molecular investigation of the Pfmdr1 gene of Plasmodium falciparum isolates in Henan Province imported from Africa.,Amodiaquine,pfmdr1 86Y,15,NA,7.0677876472473145,15.384615384615383,0.34039410000000003
Uganda,2016,0.003403941,DHS,East Africa,2.77,32.29,Global Pf Parasite Rate,Malaria:202206_Global_Pf_Parasite_Rate,"Proportion of Children 2 to 10 years of age showing, on a given year, detectable Plasmodium falciparum parasite",0.3224532902240753,793,4,Gulu,2016,2016,pfmdr1 86Y,165,0,0,"Balikagala B, Sakurai-Yatsushiro M, Tachibana SI, Ikeda M, Yamauchi M, Katuro OT, Ntege EH, Sekihara M, Fukuda N, Takahashi N, Yatsushiro S, Mori T, Hirai M, Opio W, Obwoya PS, Anywar DA, Auma MA, Palacpac NMQ, Tsuboi T, Odongo-Aginya EI, Kimura E, Ogwang M",2020,https://pubmed.ncbi.nlm.nih.gov/32070358/,Associated ex vivo results,32070358,Recovery and stable persistence of chloroquine sensitivity in Plasmodium falciparum parasites after its discontinued use in Northern Uganda.,Amodiaquine,pfmdr1 86Y,5,NA,32.24532902240753,0,0.34039410000000003
Uganda,2018,0.0087293,DHS,East Africa,2.77,32.29,Global Pf Parasite Rate,Malaria:202206_Global_Pf_Parasite_Rate,"Proportion of Children 2 to 10 years of age showing, on a given year, detectable Plasmodium falciparum parasite",0.39537882804870605,793,6,Gulu,2018,2018,pfmdr1 86Y,64,0,0,"Balikagala B, Sakurai-Yatsushiro M, Tachibana SI, Ikeda M, Yamauchi M, Katuro OT, Ntege EH, Sekihara M, Fukuda N, Takahashi N, Yatsushiro S, Mori T, Hirai M, Opio W, Obwoya PS, Anywar DA, Auma MA, Palacpac NMQ, Tsuboi T, Odongo-Aginya EI, Kimura E, Ogwang M",2020,https://pubmed.ncbi.nlm.nih.gov/32070358/,Associated ex vivo results,32070358,Recovery and stable persistence of chloroquine sensitivity in Plasmodium falciparum parasites after its discontinued use in Northern Uganda.,Amodiaquine,pfmdr1 86Y,5,NA,39.537882804870605,0,0.8729300000000001
Uganda,2018,0.0087293,DHS,East Africa,2.77,32.29,Global Pf Parasite Rate,Malaria:202206_Global_Pf_Parasite_Rate,"Proportion of Children 2 to 10 years of age showing, on a given year, detectable Plasmodium falciparum parasite",0.46600815653800964,793,6,Gulu,2018,2018,pfmdr1 86Y,64,0,0,"Balikagala B, Sakurai-Yatsushiro M, Tachibana SI, Ikeda M, Yamauchi M, Katuro OT, Ntege EH, Sekihara M, Fukuda N, Takahashi N, Yatsushiro S, Mori T, Hirai M, Opio W, Obwoya PS, Anywar DA, Auma MA, Palacpac NMQ, Tsuboi T, Odongo-Aginya EI, Kimura E, Ogwang M",2020,https://pubmed.ncbi.nlm.nih.gov/32070358/,Associated ex vivo results,32070358,Recovery and stable persistence of chloroquine sensitivity in Plasmodium falciparum parasites after its discontinued use in Northern Uganda.,Amodiaquine,pfmdr1 86Y,5,NA,46.60081565380096,0,0.8729300000000001
